data_source,date,extraction_date,state,district,township,latitude,longitude,timezone,summary,precipitation_probability,precipitation_intensity_inches_per_hour,precipitation_accumulation_inches,wind_speed_miles_per_hour,icon,wind_bearing_degrees,wind_gust_miles_per_hour,temperature_min_fahrenheit,temperature_max_fahrenheit
ambient weather,2025-05-28,2025-05-29,Ayeyarwady,Pyapon,Bogale,16.2929,95.3948,Asia/Rangoon,Rain and a t-storm; breezy,1.0,0.61,0.61,13.8,rain,187,34.5,79,84
ambient weather,2025-05-29,2025-05-29,Ayeyarwady,Pyapon,Bogale,16.2929,95.3948,Asia/Rangoon,Breezy with periods of rain,0.91,0.34,0.34,12.7,rain,202,36.8,78,89
ambient weather,2025-05-30,2025-05-29,Ayeyarwady,Pyapon,Bogale,16.2929,95.3948,Asia/Rangoon,Breezy with periods of rain,0.91,0.34,0.34,11.5,rain,207,32.2,78,87
ambient weather,2025-05-31,2025-05-29,Ayeyarwady,Pyapon,Bogale,16.2929,95.3948,Asia/Rangoon,"Morning t-storms, then rain",0.93,0.42,0.42,10.4,thunderstorm,202,31.1,78,85
ambient weather,2025-06-01,2025-05-29,Ayeyarwady,Pyapon,Bogale,16.2929,95.3948,Asia/Rangoon,Breezy with rain,0.94,0.56,0.56,13.8,rain,213,28.8,79,85
ambient weather,2025-06-02,2025-05-29,Ayeyarwady,Pyapon,Bogale,16.2929,95.3948,Asia/Rangoon,Morning thunderstorms,0.88,0.24,0.24,11.5,thunderstorm,246,33.4,77,85
ambient weather,2025-06-03,2025-05-29,Ayeyarwady,Pyapon,Bogale,16.2929,95.3948,Asia/Rangoon,Periods of rain,0.62,0.34,0.34,9.2,rain,248,28.8,78,88
ambient weather,2025-06-04,2025-05-29,Ayeyarwady,Pyapon,Bogale,16.2929,95.3948,Asia/Rangoon,Cloudy with a little rain,0.65,0.57,0.57,5.8,rain,233,16.1,79,87
ambient weather,2025-06-05,2025-05-29,Ayeyarwady,Pyapon,Bogale,16.2929,95.3948,Asia/Rangoon,Rain in the afternoon,0.75,0.31,0.31,4.6,rain,259,15.0,78,85
ambient weather,2025-06-06,2025-05-29,Ayeyarwady,Pyapon,Bogale,16.2929,95.3948,Asia/Rangoon,Rain at times,0.75,1.48,1.48,3.5,rain,258,11.5,79,87
ambient weather,2025-05-28,2025-05-29,Ayeyarwady,Maubin,Danubyu,17.2537,95.5944,Asia/Rangoon,Breezy with rain,1.0,1.06,1.06,13.8,rain,174,34.5,77,87
ambient weather,2025-05-29,2025-05-29,Ayeyarwady,Maubin,Danubyu,17.2537,95.5944,Asia/Rangoon,Rain and a t-storm; breezy,0.94,0.4,0.4,13.8,rain,201,36.8,78,90
ambient weather,2025-05-30,2025-05-29,Ayeyarwady,Maubin,Danubyu,17.2537,95.5944,Asia/Rangoon,"Morning t-storms, then rain",0.97,0.79,0.79,15.0,thunderstorm,204,33.4,77,87
ambient weather,2025-05-31,2025-05-29,Ayeyarwady,Maubin,Danubyu,17.2537,95.5944,Asia/Rangoon,A couple of morning t-storms,0.97,0.66,0.66,11.5,thunderstorm,197,29.9,77,86
ambient weather,2025-06-01,2025-05-29,Ayeyarwady,Maubin,Danubyu,17.2537,95.5944,Asia/Rangoon,Rain; breezy in the afternoon,0.94,0.52,0.52,13.8,rain,209,31.1,77,86
ambient weather,2025-06-02,2025-05-29,Ayeyarwady,Maubin,Danubyu,17.2537,95.5944,Asia/Rangoon,"Rain, a thunderstorm",0.94,0.62,0.62,11.5,rain,227,34.5,77,85
ambient weather,2025-06-03,2025-05-29,Ayeyarwady,Maubin,Danubyu,17.2537,95.5944,Asia/Rangoon,A couple of morning t-storms,0.63,0.3,0.3,9.2,thunderstorm,254,26.5,77,86
ambient weather,2025-06-04,2025-05-29,Ayeyarwady,Maubin,Danubyu,17.2537,95.5944,Asia/Rangoon,Occasional morning rain,0.62,0.19,0.19,4.6,rain,240,19.6,78,88
ambient weather,2025-06-05,2025-05-29,Ayeyarwady,Maubin,Danubyu,17.2537,95.5944,Asia/Rangoon,Afternoon rain,0.75,0.55,0.55,3.5,rain,193,11.5,77,87
ambient weather,2025-06-06,2025-05-29,Ayeyarwady,Maubin,Danubyu,17.2537,95.5944,Asia/Rangoon,Occasional rain,0.65,0.36,0.36,4.6,rain,220,12.7,78,86
ambient weather,2025-05-28,2025-05-29,Ayeyarwady,Pyapon,Dedaye,16.4102,95.8871,Asia/Rangoon,Rain and a t-storm; breezy,1.0,0.74,0.74,11.5,rain,189,34.5,79,86
ambient weather,2025-05-29,2025-05-29,Ayeyarwady,Pyapon,Dedaye,16.4102,95.8871,Asia/Rangoon,Rain; breezy in the afternoon,0.91,0.26,0.26,12.7,rain,204,35.7,79,90
ambient weather,2025-05-30,2025-05-29,Ayeyarwady,Pyapon,Dedaye,16.4102,95.8871,Asia/Rangoon,Breezy with periods of rain,0.91,0.39,0.39,11.5,rain,206,32.2,78,88
ambient weather,2025-05-31,2025-05-29,Ayeyarwady,Pyapon,Dedaye,16.4102,95.8871,Asia/Rangoon,"Morning t-storms, then rain",0.96,0.61,0.61,11.5,thunderstorm,210,32.2,77,85
ambient weather,2025-06-01,2025-05-29,Ayeyarwady,Pyapon,Dedaye,16.4102,95.8871,Asia/Rangoon,Rain and a thunderstorm,0.94,0.55,0.55,12.7,rain,213,31.1,78,84
ambient weather,2025-06-02,2025-05-29,Ayeyarwady,Pyapon,Dedaye,16.4102,95.8871,Asia/Rangoon,Morning thunderstorms,0.89,0.26,0.26,12.7,thunderstorm,239,34.5,77,86
ambient weather,2025-06-03,2025-05-29,Ayeyarwady,Pyapon,Dedaye,16.4102,95.8871,Asia/Rangoon,"Rather cloudy, a little rain",0.65,0.34,0.34,8.1,rain,248,24.2,78,85
ambient weather,2025-06-04,2025-05-29,Ayeyarwady,Pyapon,Dedaye,16.4102,95.8871,Asia/Rangoon,Periods of rain,0.71,1.05,1.05,5.8,rain,240,17.3,79,88
ambient weather,2025-06-05,2025-05-29,Ayeyarwady,Pyapon,Dedaye,16.4102,95.8871,Asia/Rangoon,Rain at times,0.75,1.02,1.02,3.5,rain,255,13.8,78,87
ambient weather,2025-06-06,2025-05-29,Ayeyarwady,Pyapon,Dedaye,16.4102,95.8871,Asia/Rangoon,Occasional rain,0.65,0.67,0.67,3.5,rain,263,12.7,80,86
ambient weather,2025-05-28,2025-05-29,Ayeyarwady,Myaungmya,Einme,16.8974,95.1782,Asia/Rangoon,Breezy with rain,1.0,1.06,1.06,13.8,rain,174,34.5,77,87
ambient weather,2025-05-29,2025-05-29,Ayeyarwady,Myaungmya,Einme,16.8974,95.1782,Asia/Rangoon,Rain and a t-storm; breezy,0.94,0.4,0.4,13.8,rain,201,36.8,78,90
ambient weather,2025-05-30,2025-05-29,Ayeyarwady,Myaungmya,Einme,16.8974,95.1782,Asia/Rangoon,"Morning t-storms, then rain",0.97,0.79,0.79,15.0,thunderstorm,204,33.4,77,87
ambient weather,2025-05-31,2025-05-29,Ayeyarwady,Myaungmya,Einme,16.8974,95.1782,Asia/Rangoon,A couple of morning t-storms,0.97,0.66,0.66,11.5,thunderstorm,197,29.9,77,86
ambient weather,2025-06-01,2025-05-29,Ayeyarwady,Myaungmya,Einme,16.8974,95.1782,Asia/Rangoon,Rain; breezy in the afternoon,0.94,0.52,0.52,13.8,rain,209,31.1,77,86
ambient weather,2025-06-02,2025-05-29,Ayeyarwady,Myaungmya,Einme,16.8974,95.1782,Asia/Rangoon,"Rain, a thunderstorm",0.94,0.62,0.62,11.5,rain,227,34.5,77,85
ambient weather,2025-06-03,2025-05-29,Ayeyarwady,Myaungmya,Einme,16.8974,95.1782,Asia/Rangoon,A couple of morning t-storms,0.63,0.3,0.3,9.2,thunderstorm,254,26.5,77,86
ambient weather,2025-06-04,2025-05-29,Ayeyarwady,Myaungmya,Einme,16.8974,95.1782,Asia/Rangoon,Occasional morning rain,0.62,0.19,0.19,4.6,rain,240,19.6,78,88
ambient weather,2025-06-05,2025-05-29,Ayeyarwady,Myaungmya,Einme,16.8974,95.1782,Asia/Rangoon,Afternoon rain,0.75,0.55,0.55,3.5,rain,193,11.5,77,87
ambient weather,2025-06-06,2025-05-29,Ayeyarwady,Myaungmya,Einme,16.8974,95.1782,Asia/Rangoon,Occasional rain,0.65,0.36,0.36,4.6,rain,220,12.7,78,86
ambient weather,2025-05-28,2025-05-29,Ayeyarwady,Hinthada,Hinthada,17.5604,95.4821,Asia/Rangoon,"Morning t-storms, then rain",1.0,0.85,0.85,10.4,thunderstorm,165,33.4,77,86
ambient weather,2025-05-29,2025-05-29,Ayeyarwady,Hinthada,Hinthada,17.5604,95.4821,Asia/Rangoon,Rain and a t-storm; breezy,0.99,0.73,0.73,12.7,rain,194,35.7,78,89
ambient weather,2025-05-30,2025-05-29,Ayeyarwady,Hinthada,Hinthada,17.5604,95.4821,Asia/Rangoon,Breezy with periods of rain,0.91,0.46,0.46,13.8,rain,200,34.5,77,88
ambient weather,2025-05-31,2025-05-29,Ayeyarwady,Hinthada,Hinthada,17.5604,95.4821,Asia/Rangoon,"Morning t-storms, then rain",0.97,0.89,0.89,11.5,thunderstorm,194,28.8,77,85
ambient weather,2025-06-01,2025-05-29,Ayeyarwady,Hinthada,Hinthada,17.5604,95.4821,Asia/Rangoon,Rain and a thunderstorm,0.94,0.34,0.34,12.7,rain,198,28.8,77,87
ambient weather,2025-06-02,2025-05-29,Ayeyarwady,Hinthada,Hinthada,17.5604,95.4821,Asia/Rangoon,Some rain and a thunderstorm,0.84,0.74,0.74,10.4,rain,212,32.2,78,84
ambient weather,2025-06-03,2025-05-29,Ayeyarwady,Hinthada,Hinthada,17.5604,95.4821,Asia/Rangoon,A couple of morning t-storms,0.63,0.15,0.15,9.2,thunderstorm,248,27.6,77,87
ambient weather,2025-06-04,2025-05-29,Ayeyarwady,Hinthada,Hinthada,17.5604,95.4821,Asia/Rangoon,An afternoon shower or two,0.65,0.12,0.12,5.8,rain,227,19.6,78,90
ambient weather,2025-06-05,2025-05-29,Ayeyarwady,Hinthada,Hinthada,17.5604,95.4821,Asia/Rangoon,"Cloudy, a couple of t-storms",0.71,0.45,0.45,3.5,thunderstorm,208,11.5,79,88
ambient weather,2025-06-06,2025-05-29,Ayeyarwady,Hinthada,Hinthada,17.5604,95.4821,Asia/Rangoon,Cloudy with a little rain,0.63,0.41,0.41,5.8,rain,217,15.0,78,87
ambient weather,2025-05-28,2025-05-29,Ayeyarwady,Hinthada,Ingapu,17.9707,95.2602,Asia/Rangoon,"A.M. t-storms, then downpours",1.0,2.06,2.06,13.8,thunderstorm,171,33.4,76,86
ambient weather,2025-05-29,2025-05-29,Ayeyarwady,Hinthada,Ingapu,17.9707,95.2602,Asia/Rangoon,"Rain, a thunderstorm",0.98,0.65,0.65,11.5,rain,196,34.5,77,88
ambient weather,2025-05-30,2025-05-29,Ayeyarwady,Hinthada,Ingapu,17.9707,95.2602,Asia/Rangoon,Rain and a t-storm; breezy,0.94,0.39,0.39,12.7,rain,193,33.4,77,86
ambient weather,2025-05-31,2025-05-29,Ayeyarwady,Hinthada,Ingapu,17.9707,95.2602,Asia/Rangoon,"Cloudy, rain",0.92,0.39,0.39,11.5,rain,188,29.9,76,84
ambient weather,2025-06-01,2025-05-29,Ayeyarwady,Hinthada,Ingapu,17.9707,95.2602,Asia/Rangoon,A morning thunderstorm or two,0.9,0.26,0.26,10.4,thunderstorm,202,32.2,76,86
ambient weather,2025-06-02,2025-05-29,Ayeyarwady,Hinthada,Ingapu,17.9707,95.2602,Asia/Rangoon,Periods of rain and a t-storm,0.94,0.25,0.25,8.1,rain,198,27.6,76,84
ambient weather,2025-06-03,2025-05-29,Ayeyarwady,Hinthada,Ingapu,17.9707,95.2602,Asia/Rangoon,A little morning rain; cloudy,0.58,0.04,0.04,5.8,rain,268,21.9,76,85
ambient weather,2025-06-04,2025-05-29,Ayeyarwady,Hinthada,Ingapu,17.9707,95.2602,Asia/Rangoon,A t-storm around in the p.m.,0.4,0.04,0.04,8.1,cloudy,206,21.9,78,91
ambient weather,2025-06-05,2025-05-29,Ayeyarwady,Hinthada,Ingapu,17.9707,95.2602,Asia/Rangoon,A little afternoon rain,0.65,0.3,0.3,5.8,rain,188,17.3,77,87
ambient weather,2025-06-06,2025-05-29,Ayeyarwady,Hinthada,Ingapu,17.9707,95.2602,Asia/Rangoon,Occasional rain,0.69,0.62,0.62,3.5,rain,190,11.5,78,87
ambient weather,2025-05-28,2025-05-29,Ayeyarwady,Pathein,Kangyidaunt,16.9335,94.8941,Asia/Rangoon,"Rain, heavy at times; breezy",1.0,1.3,1.3,10.4,rain,183,35.7,78,85
ambient weather,2025-05-29,2025-05-29,Ayeyarwady,Pathein,Kangyidaunt,16.9335,94.8941,Asia/Rangoon,Breezy with rain,0.94,0.34,0.34,12.7,rain,200,38.0,78,90
ambient weather,2025-05-30,2025-05-29,Ayeyarwady,Pathein,Kangyidaunt,16.9335,94.8941,Asia/Rangoon,Rain,0.98,0.82,0.82,10.4,rain,195,27.6,78,86
ambient weather,2025-05-31,2025-05-29,Ayeyarwady,Pathein,Kangyidaunt,16.9335,94.8941,Asia/Rangoon,"Morning t-storms, then rain",0.97,0.78,0.78,8.1,thunderstorm,209,23.0,77,87
ambient weather,2025-06-01,2025-05-29,Ayeyarwady,Pathein,Kangyidaunt,16.9335,94.8941,Asia/Rangoon,Periods of rain,0.91,0.3,0.3,11.5,rain,217,28.8,77,86
ambient weather,2025-06-02,2025-05-29,Ayeyarwady,Pathein,Kangyidaunt,16.9335,94.8941,Asia/Rangoon,Rain and a thunderstorm,0.96,0.6,0.6,10.4,rain,249,36.8,77,84
ambient weather,2025-06-03,2025-05-29,Ayeyarwady,Pathein,Kangyidaunt,16.9335,94.8941,Asia/Rangoon,Occasional rain and a t-storm,0.55,0.14,0.14,8.1,rain,250,26.5,78,87
ambient weather,2025-06-04,2025-05-29,Ayeyarwady,Pathein,Kangyidaunt,16.9335,94.8941,Asia/Rangoon,Cloudy with a little rain,0.58,0.12,0.12,6.9,rain,242,23.0,79,87
ambient weather,2025-06-05,2025-05-29,Ayeyarwady,Pathein,Kangyidaunt,16.9335,94.8941,Asia/Rangoon,"Mostly cloudy, afternoon rain",0.75,0.26,0.26,4.6,rain,241,17.3,78,86
ambient weather,2025-06-06,2025-05-29,Ayeyarwady,Pathein,Kangyidaunt,16.9335,94.8941,Asia/Rangoon,Cloudy with a little rain,0.58,0.24,0.24,3.5,rain,239,12.7,78,86
ambient weather,2025-05-28,2025-05-29,Ayeyarwady,Pyapon,Kyaiklat,16.4463,95.7256,Asia/Rangoon,Rain and a t-storm; breezy,1.0,0.74,0.74,11.5,rain,189,34.5,79,86
ambient weather,2025-05-29,2025-05-29,Ayeyarwady,Pyapon,Kyaiklat,16.4463,95.7256,Asia/Rangoon,Rain; breezy in the afternoon,0.91,0.26,0.26,12.7,rain,204,35.7,79,90
ambient weather,2025-05-30,2025-05-29,Ayeyarwady,Pyapon,Kyaiklat,16.4463,95.7256,Asia/Rangoon,Breezy with periods of rain,0.91,0.39,0.39,11.5,rain,206,32.2,78,88
ambient weather,2025-05-31,2025-05-29,Ayeyarwady,Pyapon,Kyaiklat,16.4463,95.7256,Asia/Rangoon,"Morning t-storms, then rain",0.96,0.61,0.61,11.5,thunderstorm,210,32.2,77,85
ambient weather,2025-06-01,2025-05-29,Ayeyarwady,Pyapon,Kyaiklat,16.4463,95.7256,Asia/Rangoon,Rain and a thunderstorm,0.94,0.55,0.55,12.7,rain,213,31.1,78,84
ambient weather,2025-06-02,2025-05-29,Ayeyarwady,Pyapon,Kyaiklat,16.4463,95.7256,Asia/Rangoon,Morning thunderstorms,0.89,0.26,0.26,12.7,thunderstorm,239,34.5,77,86
ambient weather,2025-06-03,2025-05-29,Ayeyarwady,Pyapon,Kyaiklat,16.4463,95.7256,Asia/Rangoon,"Rather cloudy, a little rain",0.65,0.34,0.34,8.1,rain,248,24.2,78,85
ambient weather,2025-06-04,2025-05-29,Ayeyarwady,Pyapon,Kyaiklat,16.4463,95.7256,Asia/Rangoon,Periods of rain,0.71,1.05,1.05,5.8,rain,240,17.3,79,88
ambient weather,2025-06-05,2025-05-29,Ayeyarwady,Pyapon,Kyaiklat,16.4463,95.7256,Asia/Rangoon,Rain at times,0.75,1.02,1.02,3.5,rain,255,13.8,78,87
ambient weather,2025-06-06,2025-05-29,Ayeyarwady,Pyapon,Kyaiklat,16.4463,95.7256,Asia/Rangoon,Occasional rain,0.65,0.67,0.67,3.5,rain,263,12.7,80,86
ambient weather,2025-05-28,2025-05-29,Ayeyarwady,Hinthada,Kyangin,18.2999,95.1461,Asia/Rangoon,Rain; breezy this morning,1.0,0.65,0.65,13.8,rain,157,29.9,79,87
ambient weather,2025-05-29,2025-05-29,Ayeyarwady,Hinthada,Kyangin,18.2999,95.1461,Asia/Rangoon,Some rain and a thunderstorm,0.84,0.19,0.19,10.4,rain,172,29.9,80,91
ambient weather,2025-05-30,2025-05-29,Ayeyarwady,Hinthada,Kyangin,18.2999,95.1461,Asia/Rangoon,A little afternoon rain,0.69,0.16,0.16,10.4,rain,169,27.6,79,90
ambient weather,2025-05-31,2025-05-29,Ayeyarwady,Hinthada,Kyangin,18.2999,95.1461,Asia/Rangoon,Some rain and a thunderstorm,0.96,0.79,0.79,9.2,rain,164,25.3,79,86
ambient weather,2025-06-01,2025-05-29,Ayeyarwady,Hinthada,Kyangin,18.2999,95.1461,Asia/Rangoon,Periods of rain and a t-storm,0.94,0.4,0.4,6.9,rain,171,20.7,79,87
ambient weather,2025-06-02,2025-05-29,Ayeyarwady,Hinthada,Kyangin,18.2999,95.1461,Asia/Rangoon,Periods of rain and a t-storm,0.94,0.44,0.44,5.8,rain,208,18.4,78,86
ambient weather,2025-06-03,2025-05-29,Ayeyarwady,Hinthada,Kyangin,18.2999,95.1461,Asia/Rangoon,A couple of morning t-storms,0.65,0.09,0.09,5.8,thunderstorm,132,16.1,79,91
ambient weather,2025-06-04,2025-05-29,Ayeyarwady,Hinthada,Kyangin,18.2999,95.1461,Asia/Rangoon,A stray afternoon t-storm,0.42,0.08,0.08,3.5,part-sun,195,11.5,78,92
ambient weather,2025-06-05,2025-05-29,Ayeyarwady,Hinthada,Kyangin,18.2999,95.1461,Asia/Rangoon,Some rain and a thunderstorm,0.56,0.27,0.27,5.8,rain,164,17.3,79,89
ambient weather,2025-06-06,2025-05-29,Ayeyarwady,Hinthada,Kyangin,18.2999,95.1461,Asia/Rangoon,Cloudy with occasional rain,0.63,0.4,0.4,3.5,rain,188,10.4,78,88
ambient weather,2025-05-28,2025-05-29,Ayeyarwady,Pathein,Kyaunggon,17.1094,95.1891,Asia/Rangoon,Breezy with rain,1.0,1.06,1.06,13.8,rain,174,34.5,77,87
ambient weather,2025-05-29,2025-05-29,Ayeyarwady,Pathein,Kyaunggon,17.1094,95.1891,Asia/Rangoon,Rain and a t-storm; breezy,0.94,0.4,0.4,13.8,rain,201,36.8,78,90
ambient weather,2025-05-30,2025-05-29,Ayeyarwady,Pathein,Kyaunggon,17.1094,95.1891,Asia/Rangoon,"Morning t-storms, then rain",0.97,0.79,0.79,15.0,thunderstorm,204,33.4,77,87
ambient weather,2025-05-31,2025-05-29,Ayeyarwady,Pathein,Kyaunggon,17.1094,95.1891,Asia/Rangoon,A couple of morning t-storms,0.97,0.66,0.66,11.5,thunderstorm,197,29.9,77,86
ambient weather,2025-06-01,2025-05-29,Ayeyarwady,Pathein,Kyaunggon,17.1094,95.1891,Asia/Rangoon,Rain; breezy in the afternoon,0.94,0.52,0.52,13.8,rain,209,31.1,77,86
ambient weather,2025-06-02,2025-05-29,Ayeyarwady,Pathein,Kyaunggon,17.1094,95.1891,Asia/Rangoon,"Rain, a thunderstorm",0.94,0.62,0.62,11.5,rain,227,34.5,77,85
ambient weather,2025-06-03,2025-05-29,Ayeyarwady,Pathein,Kyaunggon,17.1094,95.1891,Asia/Rangoon,A couple of morning t-storms,0.63,0.3,0.3,9.2,thunderstorm,254,26.5,77,86
ambient weather,2025-06-04,2025-05-29,Ayeyarwady,Pathein,Kyaunggon,17.1094,95.1891,Asia/Rangoon,Occasional morning rain,0.62,0.19,0.19,4.6,rain,240,19.6,78,88
ambient weather,2025-06-05,2025-05-29,Ayeyarwady,Pathein,Kyaunggon,17.1094,95.1891,Asia/Rangoon,Afternoon rain,0.75,0.55,0.55,3.5,rain,193,11.5,77,87
ambient weather,2025-06-06,2025-05-29,Ayeyarwady,Pathein,Kyaunggon,17.1094,95.1891,Asia/Rangoon,Occasional rain,0.65,0.36,0.36,4.6,rain,220,12.7,78,86
ambient weather,2025-05-28,2025-05-29,Ayeyarwady,Pathein,Kyonpyaw,17.3484,95.3347,Asia/Rangoon,"Morning t-storms, then rain",1.0,0.85,0.85,10.4,thunderstorm,165,33.4,77,86
ambient weather,2025-05-29,2025-05-29,Ayeyarwady,Pathein,Kyonpyaw,17.3484,95.3347,Asia/Rangoon,Rain and a t-storm; breezy,0.99,0.73,0.73,12.7,rain,194,35.7,78,89
ambient weather,2025-05-30,2025-05-29,Ayeyarwady,Pathein,Kyonpyaw,17.3484,95.3347,Asia/Rangoon,Breezy with periods of rain,0.91,0.46,0.46,13.8,rain,200,34.5,77,88
ambient weather,2025-05-31,2025-05-29,Ayeyarwady,Pathein,Kyonpyaw,17.3484,95.3347,Asia/Rangoon,"Morning t-storms, then rain",0.97,0.89,0.89,11.5,thunderstorm,194,28.8,77,85
ambient weather,2025-06-01,2025-05-29,Ayeyarwady,Pathein,Kyonpyaw,17.3484,95.3347,Asia/Rangoon,Rain and a thunderstorm,0.94,0.34,0.34,12.7,rain,198,28.8,77,87
ambient weather,2025-06-02,2025-05-29,Ayeyarwady,Pathein,Kyonpyaw,17.3484,95.3347,Asia/Rangoon,Some rain and a thunderstorm,0.84,0.74,0.74,10.4,rain,212,32.2,76,85
ambient weather,2025-06-03,2025-05-29,Ayeyarwady,Pathein,Kyonpyaw,17.3484,95.3347,Asia/Rangoon,A couple of morning t-storms,0.63,0.15,0.15,9.2,thunderstorm,248,27.6,77,86
ambient weather,2025-06-04,2025-05-29,Ayeyarwady,Pathein,Kyonpyaw,17.3484,95.3347,Asia/Rangoon,An afternoon shower or two,0.65,0.12,0.12,5.8,rain,227,19.6,78,90
ambient weather,2025-06-05,2025-05-29,Ayeyarwady,Pathein,Kyonpyaw,17.3484,95.3347,Asia/Rangoon,"Cloudy, a couple of t-storms",0.71,0.45,0.45,3.5,thunderstorm,208,11.5,79,88
ambient weather,2025-06-06,2025-05-29,Ayeyarwady,Pathein,Kyonpyaw,17.3484,95.3347,Asia/Rangoon,Cloudy with a little rain,0.63,0.41,0.41,5.8,rain,217,15.0,78,87
ambient weather,2025-05-28,2025-05-29,Ayeyarwady,Labutta,Labutta,15.8282,94.8085,Asia/Rangoon,"A.M. t-storms, then downpours",1.0,0.58,0.58,17.3,thunderstorm,194,36.8,81,87
ambient weather,2025-05-29,2025-05-29,Ayeyarwady,Labutta,Labutta,15.8282,94.8085,Asia/Rangoon,Breezy with periods of rain,0.91,0.28,0.28,15.0,rain,205,36.8,81,88
ambient weather,2025-05-30,2025-05-29,Ayeyarwady,Labutta,Labutta,15.8282,94.8085,Asia/Rangoon,Breezy with rain,0.97,0.9,0.9,16.1,rain,210,34.5,80,86
ambient weather,2025-05-31,2025-05-29,Ayeyarwady,Labutta,Labutta,15.8282,94.8085,Asia/Rangoon,"Morning t-storms, then rain",0.95,0.62,0.62,15.0,thunderstorm,212,33.4,80,84
ambient weather,2025-06-01,2025-05-29,Ayeyarwady,Labutta,Labutta,15.8282,94.8085,Asia/Rangoon,"Rain, heavy at times",0.97,1.18,1.18,17.3,rain,220,33.4,80,85
ambient weather,2025-06-02,2025-05-29,Ayeyarwady,Labutta,Labutta,15.8282,94.8085,Asia/Rangoon,Morning thunderstorms; windy,0.75,0.36,0.36,16.1,thunderstorm,244,34.5,80,84
ambient weather,2025-06-03,2025-05-29,Ayeyarwady,Labutta,Labutta,15.8282,94.8085,Asia/Rangoon,"Rather cloudy, a little rain",0.55,0.05,0.05,9.2,rain,253,28.8,82,86
ambient weather,2025-06-04,2025-05-29,Ayeyarwady,Labutta,Labutta,15.8282,94.8085,Asia/Rangoon,Cloudy with a touch of rain,0.56,0.15,0.15,12.7,rain,242,26.5,81,87
ambient weather,2025-06-05,2025-05-29,Ayeyarwady,Labutta,Labutta,15.8282,94.8085,Asia/Rangoon,Cloudy with a touch of rain,0.6,0.22,0.22,10.4,rain,261,21.9,80,88
ambient weather,2025-06-06,2025-05-29,Ayeyarwady,Labutta,Labutta,15.8282,94.8085,Asia/Rangoon,Cloudy with a touch of rain,0.55,0.05,0.05,8.1,rain,243,18.4,81,87
ambient weather,2025-05-28,2025-05-29,Ayeyarwady,Hinthada,Lemyethna,17.6009,95.1751,Asia/Rangoon,Breezy with rain,1.0,0.92,0.92,13.8,rain,178,34.5,77,85
ambient weather,2025-05-29,2025-05-29,Ayeyarwady,Hinthada,Lemyethna,17.6009,95.1751,Asia/Rangoon,Breezy with rain,0.99,0.66,0.66,11.5,rain,200,38.0,77,89
ambient weather,2025-05-30,2025-05-29,Ayeyarwady,Hinthada,Lemyethna,17.6009,95.1751,Asia/Rangoon,"Morning t-storms, then rain",0.97,0.84,0.84,11.5,thunderstorm,195,32.2,77,87
ambient weather,2025-05-31,2025-05-29,Ayeyarwady,Hinthada,Lemyethna,17.6009,95.1751,Asia/Rangoon,Rain in the afternoon,0.99,1.02,1.02,9.2,thunderstorm,202,26.5,77,86
ambient weather,2025-06-01,2025-05-29,Ayeyarwady,Hinthada,Lemyethna,17.6009,95.1751,Asia/Rangoon,A couple of morning t-storms,0.9,0.38,0.38,11.5,thunderstorm,213,29.9,77,86
ambient weather,2025-06-02,2025-05-29,Ayeyarwady,Hinthada,Lemyethna,17.6009,95.1751,Asia/Rangoon,Thunderstorms in the morning,0.93,0.37,0.37,10.4,thunderstorm,225,35.7,78,82
ambient weather,2025-06-03,2025-05-29,Ayeyarwady,Hinthada,Lemyethna,17.6009,95.1751,Asia/Rangoon,A little afternoon rain,0.65,0.3,0.3,8.1,rain,254,26.5,78,85
ambient weather,2025-06-04,2025-05-29,Ayeyarwady,Hinthada,Lemyethna,17.6009,95.1751,Asia/Rangoon,A touch of morning rain,0.56,0.07,0.07,6.9,rain,248,20.7,77,89
ambient weather,2025-06-05,2025-05-29,Ayeyarwady,Hinthada,Lemyethna,17.6009,95.1751,Asia/Rangoon,Rain in the afternoon,0.75,0.16,0.16,2.3,rain,190,11.5,78,87
ambient weather,2025-06-06,2025-05-29,Ayeyarwady,Hinthada,Lemyethna,17.6009,95.1751,Asia/Rangoon,Cloudy with a touch of rain,0.58,0.12,0.12,4.6,rain,228,13.8,78,86
ambient weather,2025-05-28,2025-05-29,Ayeyarwady,Maubin,Maubin,16.7305,95.6484,Asia/Rangoon,Rain and a t-storm; breezy,1.0,1.02,1.02,12.7,rain,181,33.4,78,86
ambient weather,2025-05-29,2025-05-29,Ayeyarwady,Maubin,Maubin,16.7305,95.6484,Asia/Rangoon,Rain becoming intermittent,1.0,0.98,0.98,12.7,rain,198,34.5,78,90
ambient weather,2025-05-30,2025-05-29,Ayeyarwady,Maubin,Maubin,16.7305,95.6484,Asia/Rangoon,Rain; breezy in the afternoon,0.95,0.6,0.6,11.5,rain,210,32.2,78,87
ambient weather,2025-05-31,2025-05-29,Ayeyarwady,Maubin,Maubin,16.7305,95.6484,Asia/Rangoon,"Morning t-storms, then rain",0.98,0.88,0.88,10.4,thunderstorm,200,29.9,77,85
ambient weather,2025-06-01,2025-05-29,Ayeyarwady,Maubin,Maubin,16.7305,95.6484,Asia/Rangoon,Periods of rain and a t-storm,0.94,0.51,0.51,12.7,rain,206,28.8,79,85
ambient weather,2025-06-02,2025-05-29,Ayeyarwady,Maubin,Maubin,16.7305,95.6484,Asia/Rangoon,Thunderstorms in the morning,0.89,0.23,0.23,12.7,thunderstorm,224,34.5,77,86
ambient weather,2025-06-03,2025-05-29,Ayeyarwady,Maubin,Maubin,16.7305,95.6484,Asia/Rangoon,Cloudy with occasional rain,0.55,0.11,0.11,9.2,rain,247,27.6,77,87
ambient weather,2025-06-04,2025-05-29,Ayeyarwady,Maubin,Maubin,16.7305,95.6484,Asia/Rangoon,"Cloudy, afternoon showers",0.8,0.36,0.36,5.8,rain,229,20.7,79,87
ambient weather,2025-06-05,2025-05-29,Ayeyarwady,Maubin,Maubin,16.7305,95.6484,Asia/Rangoon,Afternoon rain,0.75,0.49,0.49,2.3,rain,243,12.7,78,86
ambient weather,2025-06-06,2025-05-29,Ayeyarwady,Maubin,Maubin,16.7305,95.6484,Asia/Rangoon,Occasional rain,0.61,0.31,0.31,4.6,rain,234,12.7,78,85
ambient weather,2025-05-28,2025-05-29,Ayeyarwady,Labutta,Mawlamyinegyun,16.3786,95.2608,Asia/Rangoon,"Morning t-storms, then rain",1.0,0.75,0.75,13.8,thunderstorm,184,36.8,79,86
ambient weather,2025-05-29,2025-05-29,Ayeyarwady,Labutta,Mawlamyinegyun,16.3786,95.2608,Asia/Rangoon,Breezy with periods of rain,0.91,0.29,0.29,13.8,rain,201,39.1,79,90
ambient weather,2025-05-30,2025-05-29,Ayeyarwady,Labutta,Mawlamyinegyun,16.3786,95.2608,Asia/Rangoon,"Morning t-storms, then rain",0.96,0.7,0.7,12.7,thunderstorm,211,34.5,78,87
ambient weather,2025-05-31,2025-05-29,Ayeyarwady,Labutta,Mawlamyinegyun,16.3786,95.2608,Asia/Rangoon,Periods of rain,0.91,0.34,0.34,11.5,rain,202,32.2,78,86
ambient weather,2025-06-01,2025-05-29,Ayeyarwady,Labutta,Mawlamyinegyun,16.3786,95.2608,Asia/Rangoon,Breezy with rain,0.94,0.74,0.74,15.0,rain,214,31.1,79,86
ambient weather,2025-06-02,2025-05-29,Ayeyarwady,Labutta,Mawlamyinegyun,16.3786,95.2608,Asia/Rangoon,An afternoon t-storm or two,0.94,0.45,0.45,11.5,thunderstorm,241,34.5,78,85
ambient weather,2025-06-03,2025-05-29,Ayeyarwady,Labutta,Mawlamyinegyun,16.3786,95.2608,Asia/Rangoon,Occasional afternoon rain,0.69,0.15,0.15,9.2,rain,249,26.5,78,88
ambient weather,2025-06-04,2025-05-29,Ayeyarwady,Labutta,Mawlamyinegyun,16.3786,95.2608,Asia/Rangoon,Cloudy with a little rain,0.63,0.27,0.27,6.9,rain,235,21.9,79,87
ambient weather,2025-06-05,2025-05-29,Ayeyarwady,Labutta,Mawlamyinegyun,16.3786,95.2608,Asia/Rangoon,Rain in the afternoon,0.74,0.52,0.52,4.6,rain,251,13.8,78,88
ambient weather,2025-06-06,2025-05-29,Ayeyarwady,Labutta,Mawlamyinegyun,16.3786,95.2608,Asia/Rangoon,Occasional rain,0.68,0.52,0.52,3.5,rain,246,12.7,79,86
ambient weather,2025-05-28,2025-05-29,Ayeyarwady,Hinthada,Myanaung,18.0925,95.2681,Asia/Rangoon,"A.M. t-storms, then downpours",1.0,2.06,2.06,13.8,thunderstorm,171,33.4,76,86
ambient weather,2025-05-29,2025-05-29,Ayeyarwady,Hinthada,Myanaung,18.0925,95.2681,Asia/Rangoon,"Rain, a thunderstorm",0.98,0.65,0.65,11.5,rain,196,34.5,77,88
ambient weather,2025-05-30,2025-05-29,Ayeyarwady,Hinthada,Myanaung,18.0925,95.2681,Asia/Rangoon,Rain and a t-storm; breezy,0.94,0.39,0.39,12.7,rain,193,33.4,77,86
ambient weather,2025-05-31,2025-05-29,Ayeyarwady,Hinthada,Myanaung,18.0925,95.2681,Asia/Rangoon,"Cloudy, rain",0.92,0.39,0.39,11.5,rain,188,29.9,76,84
ambient weather,2025-06-01,2025-05-29,Ayeyarwady,Hinthada,Myanaung,18.0925,95.2681,Asia/Rangoon,A morning thunderstorm or two,0.9,0.26,0.26,10.4,thunderstorm,202,32.2,76,86
ambient weather,2025-06-02,2025-05-29,Ayeyarwady,Hinthada,Myanaung,18.0925,95.2681,Asia/Rangoon,Periods of rain and a t-storm,0.94,0.25,0.25,8.1,rain,198,27.6,76,84
ambient weather,2025-06-03,2025-05-29,Ayeyarwady,Hinthada,Myanaung,18.0925,95.2681,Asia/Rangoon,A little morning rain; cloudy,0.58,0.04,0.04,5.8,rain,268,21.9,76,85
ambient weather,2025-06-04,2025-05-29,Ayeyarwady,Hinthada,Myanaung,18.0925,95.2681,Asia/Rangoon,A t-storm around in the p.m.,0.4,0.04,0.04,8.1,cloudy,206,21.9,78,91
ambient weather,2025-06-05,2025-05-29,Ayeyarwady,Hinthada,Myanaung,18.0925,95.2681,Asia/Rangoon,A little afternoon rain,0.65,0.3,0.3,5.8,rain,188,17.3,77,87
ambient weather,2025-06-06,2025-05-29,Ayeyarwady,Hinthada,Myanaung,18.0925,95.2681,Asia/Rangoon,Occasional rain,0.69,0.62,0.62,3.5,rain,190,11.5,78,87
ambient weather,2025-05-28,2025-05-29,Ayeyarwady,Myaungmya,Myaungmya,16.5997,94.9288,Asia/Rangoon,"Morning t-storms, then rain",1.0,1.15,1.15,11.5,thunderstorm,186,32.2,79,85
ambient weather,2025-05-29,2025-05-29,Ayeyarwady,Myaungmya,Myaungmya,16.5997,94.9288,Asia/Rangoon,Occasional rain and a t-storm,0.84,0.31,0.31,15.0,rain,199,40.3,79,90
ambient weather,2025-05-30,2025-05-29,Ayeyarwady,Myaungmya,Myaungmya,16.5997,94.9288,Asia/Rangoon,Rain; breezy in the morning,0.93,0.39,0.39,11.5,rain,196,29.9,78,86
ambient weather,2025-05-31,2025-05-29,Ayeyarwady,Myaungmya,Myaungmya,16.5997,94.9288,Asia/Rangoon,Rain,0.94,0.42,0.42,10.4,rain,213,29.9,77,86
ambient weather,2025-06-01,2025-05-29,Ayeyarwady,Myaungmya,Myaungmya,16.5997,94.9288,Asia/Rangoon,Rain and a t-storm; breezy,0.94,0.5,0.5,13.8,rain,217,31.1,78,87
ambient weather,2025-06-02,2025-05-29,Ayeyarwady,Myaungmya,Myaungmya,16.5997,94.9288,Asia/Rangoon,"Morning t-storms, then rain",0.91,0.3,0.3,10.4,thunderstorm,246,35.7,77,84
ambient weather,2025-06-03,2025-05-29,Ayeyarwady,Myaungmya,Myaungmya,16.5997,94.9288,Asia/Rangoon,Occasional rain and a t-storm,0.55,0.11,0.11,9.2,rain,255,28.8,78,88
ambient weather,2025-06-04,2025-05-29,Ayeyarwady,Myaungmya,Myaungmya,16.5997,94.9288,Asia/Rangoon,A morning t-storm or two,0.59,0.2,0.2,6.9,thunderstorm,236,20.7,79,87
ambient weather,2025-06-05,2025-05-29,Ayeyarwady,Myaungmya,Myaungmya,16.5997,94.9288,Asia/Rangoon,Rain at times,0.64,0.32,0.32,3.5,rain,266,13.8,78,88
ambient weather,2025-06-06,2025-05-29,Ayeyarwady,Myaungmya,Myaungmya,16.5997,94.9288,Asia/Rangoon,Cloudy with occasional rain,0.61,0.25,0.25,3.5,rain,241,10.4,79,87
ambient weather,2025-05-28,2025-05-29,Ayeyarwady,Pathein,Ngapudaw,16.0177,94.3462,Asia/Rangoon,Windy with rain and a t-storm,1.0,1.69,1.69,19.6,rain,191,39.1,84,88
ambient weather,2025-05-29,2025-05-29,Ayeyarwady,Pathein,Ngapudaw,16.0177,94.3462,Asia/Rangoon,"Morning t-storms, then rain",0.91,0.35,0.35,16.1,thunderstorm,202,39.1,84,90
ambient weather,2025-05-30,2025-05-29,Ayeyarwady,Pathein,Ngapudaw,16.0177,94.3462,Asia/Rangoon,Windy with rain and a t-storm,0.96,0.71,0.71,17.3,rain,211,36.8,83,89
ambient weather,2025-05-31,2025-05-29,Ayeyarwady,Pathein,Ngapudaw,16.0177,94.3462,Asia/Rangoon,"Morning t-storms, then rain",0.95,0.6,0.6,16.1,thunderstorm,216,34.5,83,86
ambient weather,2025-06-01,2025-05-29,Ayeyarwady,Pathein,Ngapudaw,16.0177,94.3462,Asia/Rangoon,Windy with rain and a t-storm,0.94,0.59,0.59,18.4,rain,220,36.8,84,88
ambient weather,2025-06-02,2025-05-29,Ayeyarwady,Pathein,Ngapudaw,16.0177,94.3462,Asia/Rangoon,Windy with rain and a t-storm,0.94,0.34,0.34,17.3,rain,246,38.0,83,87
ambient weather,2025-06-03,2025-05-29,Ayeyarwady,Pathein,Ngapudaw,16.0177,94.3462,Asia/Rangoon,"Cloudy, a little rain; breezy",0.55,0.09,0.09,11.5,rain,242,31.1,84,89
ambient weather,2025-06-04,2025-05-29,Ayeyarwady,Pathein,Ngapudaw,16.0177,94.3462,Asia/Rangoon,Periods of rain,0.63,0.5,0.5,11.5,rain,246,25.3,82,88
ambient weather,2025-06-05,2025-05-29,Ayeyarwady,Pathein,Ngapudaw,16.0177,94.3462,Asia/Rangoon,Rain at times,0.71,0.54,0.54,10.4,rain,267,19.6,81,87
ambient weather,2025-06-06,2025-05-29,Ayeyarwady,Pathein,Ngapudaw,16.0177,94.3462,Asia/Rangoon,Occasional morning rain,0.62,0.12,0.12,6.9,rain,258,17.3,82,87
ambient weather,2025-05-28,2025-05-29,Ayeyarwady,Maubin,Nyaungdon,17.0507,95.6323,Asia/Rangoon,Breezy with rain,1.0,1.06,1.06,13.8,rain,174,34.5,77,87
ambient weather,2025-05-29,2025-05-29,Ayeyarwady,Maubin,Nyaungdon,17.0507,95.6323,Asia/Rangoon,Rain and a t-storm; breezy,0.94,0.4,0.4,13.8,rain,201,36.8,78,90
ambient weather,2025-05-30,2025-05-29,Ayeyarwady,Maubin,Nyaungdon,17.0507,95.6323,Asia/Rangoon,"Morning t-storms, then rain",0.97,0.79,0.79,15.0,thunderstorm,204,33.4,77,87
ambient weather,2025-05-31,2025-05-29,Ayeyarwady,Maubin,Nyaungdon,17.0507,95.6323,Asia/Rangoon,A couple of morning t-storms,0.97,0.66,0.66,11.5,thunderstorm,197,29.9,77,86
ambient weather,2025-06-01,2025-05-29,Ayeyarwady,Maubin,Nyaungdon,17.0507,95.6323,Asia/Rangoon,Rain; breezy in the afternoon,0.94,0.52,0.52,13.8,rain,209,31.1,77,86
ambient weather,2025-06-02,2025-05-29,Ayeyarwady,Maubin,Nyaungdon,17.0507,95.6323,Asia/Rangoon,"Rain, a thunderstorm",0.94,0.62,0.62,11.5,rain,227,34.5,77,85
ambient weather,2025-06-03,2025-05-29,Ayeyarwady,Maubin,Nyaungdon,17.0507,95.6323,Asia/Rangoon,A couple of morning t-storms,0.63,0.3,0.3,9.2,thunderstorm,254,26.5,77,86
ambient weather,2025-06-04,2025-05-29,Ayeyarwady,Maubin,Nyaungdon,17.0507,95.6323,Asia/Rangoon,Occasional morning rain,0.62,0.19,0.19,4.6,rain,240,19.6,78,88
ambient weather,2025-06-05,2025-05-29,Ayeyarwady,Maubin,Nyaungdon,17.0507,95.6323,Asia/Rangoon,Afternoon rain,0.75,0.55,0.55,3.5,rain,193,11.5,77,87
ambient weather,2025-06-06,2025-05-29,Ayeyarwady,Maubin,Nyaungdon,17.0507,95.6323,Asia/Rangoon,Occasional rain,0.65,0.36,0.36,4.6,rain,220,12.7,78,86
ambient weather,2025-05-28,2025-05-29,Ayeyarwady,Maubin,Pantanaw,16.9831,95.4665,Asia/Rangoon,Breezy with rain,1.0,1.06,1.06,13.8,rain,174,34.5,77,87
ambient weather,2025-05-29,2025-05-29,Ayeyarwady,Maubin,Pantanaw,16.9831,95.4665,Asia/Rangoon,Rain and a t-storm; breezy,0.94,0.4,0.4,13.8,rain,201,36.8,78,90
ambient weather,2025-05-30,2025-05-29,Ayeyarwady,Maubin,Pantanaw,16.9831,95.4665,Asia/Rangoon,"Morning t-storms, then rain",0.97,0.79,0.79,15.0,thunderstorm,204,33.4,77,87
ambient weather,2025-05-31,2025-05-29,Ayeyarwady,Maubin,Pantanaw,16.9831,95.4665,Asia/Rangoon,A couple of morning t-storms,0.97,0.66,0.66,11.5,thunderstorm,197,29.9,77,86
ambient weather,2025-06-01,2025-05-29,Ayeyarwady,Maubin,Pantanaw,16.9831,95.4665,Asia/Rangoon,Rain; breezy in the afternoon,0.94,0.52,0.52,13.8,rain,209,31.1,77,86
ambient weather,2025-06-02,2025-05-29,Ayeyarwady,Maubin,Pantanaw,16.9831,95.4665,Asia/Rangoon,"Rain, a thunderstorm",0.94,0.62,0.62,11.5,rain,227,34.5,77,85
ambient weather,2025-06-03,2025-05-29,Ayeyarwady,Maubin,Pantanaw,16.9831,95.4665,Asia/Rangoon,A couple of morning t-storms,0.63,0.3,0.3,9.2,thunderstorm,254,26.5,77,86
ambient weather,2025-06-04,2025-05-29,Ayeyarwady,Maubin,Pantanaw,16.9831,95.4665,Asia/Rangoon,Occasional morning rain,0.62,0.19,0.19,4.6,rain,240,19.6,78,88
ambient weather,2025-06-05,2025-05-29,Ayeyarwady,Maubin,Pantanaw,16.9831,95.4665,Asia/Rangoon,Afternoon rain,0.75,0.55,0.55,3.5,rain,193,11.5,77,87
ambient weather,2025-06-06,2025-05-29,Ayeyarwady,Maubin,Pantanaw,16.9831,95.4665,Asia/Rangoon,Occasional rain,0.65,0.36,0.36,4.6,rain,220,12.7,78,86
ambient weather,2025-05-28,2025-05-29,Ayeyarwady,Pathein,Pathein,16.9605,94.4445,Asia/Rangoon,"T-storms, breezy, then rain",1.0,1.08,1.08,12.7,thunderstorm,180,27.6,79,86
ambient weather,2025-05-29,2025-05-29,Ayeyarwady,Pathein,Pathein,16.9605,94.4445,Asia/Rangoon,Periods of rain and a t-storm,0.94,0.35,0.35,10.4,rain,193,29.9,79,89
ambient weather,2025-05-30,2025-05-29,Ayeyarwady,Pathein,Pathein,16.9605,94.4445,Asia/Rangoon,"Rain, heavy at times",0.98,1.08,1.08,10.4,rain,200,29.9,79,85
ambient weather,2025-05-31,2025-05-29,Ayeyarwady,Pathein,Pathein,16.9605,94.4445,Asia/Rangoon,"Rain, heavy at times",0.97,0.75,0.75,10.4,rain,209,28.8,79,85
ambient weather,2025-06-01,2025-05-29,Ayeyarwady,Pathein,Pathein,16.9605,94.4445,Asia/Rangoon,Rain and a thunderstorm,0.94,0.43,0.43,12.7,rain,215,33.4,78,85
ambient weather,2025-06-02,2025-05-29,Ayeyarwady,Pathein,Pathein,16.9605,94.4445,Asia/Rangoon,Rain and a thunderstorm,0.97,0.99,0.99,11.5,rain,257,35.7,78,82
ambient weather,2025-06-03,2025-05-29,Ayeyarwady,Pathein,Pathein,16.9605,94.4445,Asia/Rangoon,Some rain and a thunderstorm,0.56,0.2,0.2,8.1,rain,253,26.5,81,86
ambient weather,2025-06-04,2025-05-29,Ayeyarwady,Pathein,Pathein,16.9605,94.4445,Asia/Rangoon,A few morning showers,0.75,0.21,0.21,8.1,rain,235,24.2,80,88
ambient weather,2025-06-05,2025-05-29,Ayeyarwady,Pathein,Pathein,16.9605,94.4445,Asia/Rangoon,Periods of rain,0.65,0.41,0.41,5.8,rain,251,19.6,79,89
ambient weather,2025-06-06,2025-05-29,Ayeyarwady,Pathein,Pathein,16.9605,94.4445,Asia/Rangoon,Cloudy with a touch of rain,0.65,0.45,0.45,5.8,rain,252,16.1,80,88
ambient weather,2025-05-28,2025-05-29,Ayeyarwady,Pyapon,Pyapon,15.8011,95.289,Asia/Rangoon,"T-storms, windy, then rain",1.0,0.72,0.72,15.0,thunderstorm,194,29.9,80,86
ambient weather,2025-05-29,2025-05-29,Ayeyarwady,Pyapon,Pyapon,15.8011,95.289,Asia/Rangoon,Rain; breezy in the morning,0.91,0.18,0.18,11.5,rain,209,31.1,80,87
ambient weather,2025-05-30,2025-05-29,Ayeyarwady,Pyapon,Pyapon,15.8011,95.289,Asia/Rangoon,"Breezy with rain, some heavy",0.98,0.83,0.83,12.7,rain,211,33.4,80,85
ambient weather,2025-05-31,2025-05-29,Ayeyarwady,Pyapon,Pyapon,15.8011,95.289,Asia/Rangoon,"Morning t-storms, then rain",0.94,0.51,0.51,12.7,thunderstorm,218,34.5,79,84
ambient weather,2025-06-01,2025-05-29,Ayeyarwady,Pyapon,Pyapon,15.8011,95.289,Asia/Rangoon,Rain and a t-storm; breezy,0.95,0.86,0.86,13.8,rain,221,33.4,80,84
ambient weather,2025-06-02,2025-05-29,Ayeyarwady,Pyapon,Pyapon,15.8011,95.289,Asia/Rangoon,"Rain, a thunderstorm",0.94,0.42,0.42,13.8,rain,243,34.5,80,85
ambient weather,2025-06-03,2025-05-29,Ayeyarwady,Pyapon,Pyapon,15.8011,95.289,Asia/Rangoon,"Mostly cloudy, a little rain",0.56,0.1,0.1,8.1,rain,257,26.5,81,84
ambient weather,2025-06-04,2025-05-29,Ayeyarwady,Pyapon,Pyapon,15.8011,95.289,Asia/Rangoon,A little afternoon rain,0.62,0.19,0.19,11.5,rain,240,24.2,81,87
ambient weather,2025-06-05,2025-05-29,Ayeyarwady,Pyapon,Pyapon,15.8011,95.289,Asia/Rangoon,Rain at times,0.7,0.7,0.7,8.1,rain,261,20.7,80,88
ambient weather,2025-06-06,2025-05-29,Ayeyarwady,Pyapon,Pyapon,15.8011,95.289,Asia/Rangoon,Cloudy with occasional rain,0.55,0.08,0.08,8.1,rain,243,18.4,81,86
ambient weather,2025-05-28,2025-05-29,Ayeyarwady,Pathein,Thabaung,17.0462,94.8045,Asia/Rangoon,"Rain, heavy at times; breezy",1.0,1.3,1.3,10.4,rain,183,35.7,78,85
ambient weather,2025-05-29,2025-05-29,Ayeyarwady,Pathein,Thabaung,17.0462,94.8045,Asia/Rangoon,Breezy with rain,0.94,0.34,0.34,12.7,rain,200,38.0,78,90
ambient weather,2025-05-30,2025-05-29,Ayeyarwady,Pathein,Thabaung,17.0462,94.8045,Asia/Rangoon,Rain,0.98,0.82,0.82,10.4,rain,195,27.6,78,86
ambient weather,2025-05-31,2025-05-29,Ayeyarwady,Pathein,Thabaung,17.0462,94.8045,Asia/Rangoon,"Morning t-storms, then rain",0.97,0.78,0.78,8.1,thunderstorm,209,23.0,77,87
ambient weather,2025-06-01,2025-05-29,Ayeyarwady,Pathein,Thabaung,17.0462,94.8045,Asia/Rangoon,Periods of rain,0.91,0.3,0.3,11.5,rain,217,28.8,77,86
ambient weather,2025-06-02,2025-05-29,Ayeyarwady,Pathein,Thabaung,17.0462,94.8045,Asia/Rangoon,Rain and a thunderstorm,0.96,0.6,0.6,10.4,rain,249,36.8,77,82
ambient weather,2025-06-03,2025-05-29,Ayeyarwady,Pathein,Thabaung,17.0462,94.8045,Asia/Rangoon,Occasional rain and a t-storm,0.55,0.14,0.14,8.1,rain,250,26.5,78,87
ambient weather,2025-06-04,2025-05-29,Ayeyarwady,Pathein,Thabaung,17.0462,94.8045,Asia/Rangoon,Cloudy with a little rain,0.58,0.12,0.12,6.9,rain,242,23.0,79,87
ambient weather,2025-06-05,2025-05-29,Ayeyarwady,Pathein,Thabaung,17.0462,94.8045,Asia/Rangoon,"Mostly cloudy, afternoon rain",0.75,0.26,0.26,4.6,rain,241,17.3,78,86
ambient weather,2025-06-06,2025-05-29,Ayeyarwady,Pathein,Thabaung,17.0462,94.8045,Asia/Rangoon,Cloudy with a little rain,0.58,0.24,0.24,3.5,rain,239,12.7,78,86
ambient weather,2025-05-28,2025-05-29,Ayeyarwady,Myaungmya,Wakema,16.4373,95.1338,Asia/Rangoon,"Morning t-storms, then rain",1.0,0.75,0.75,13.8,thunderstorm,184,36.8,79,86
ambient weather,2025-05-29,2025-05-29,Ayeyarwady,Myaungmya,Wakema,16.4373,95.1338,Asia/Rangoon,Breezy with periods of rain,0.91,0.29,0.29,13.8,rain,201,39.1,79,90
ambient weather,2025-05-30,2025-05-29,Ayeyarwady,Myaungmya,Wakema,16.4373,95.1338,Asia/Rangoon,"Morning t-storms, then rain",0.96,0.7,0.7,12.7,thunderstorm,211,34.5,78,87
ambient weather,2025-05-31,2025-05-29,Ayeyarwady,Myaungmya,Wakema,16.4373,95.1338,Asia/Rangoon,Periods of rain,0.91,0.34,0.34,11.5,rain,202,32.2,78,86
ambient weather,2025-06-01,2025-05-29,Ayeyarwady,Myaungmya,Wakema,16.4373,95.1338,Asia/Rangoon,Breezy with rain,0.94,0.74,0.74,15.0,rain,214,31.1,79,86
ambient weather,2025-06-02,2025-05-29,Ayeyarwady,Myaungmya,Wakema,16.4373,95.1338,Asia/Rangoon,An afternoon t-storm or two,0.94,0.45,0.45,11.5,thunderstorm,241,34.5,78,85
ambient weather,2025-06-03,2025-05-29,Ayeyarwady,Myaungmya,Wakema,16.4373,95.1338,Asia/Rangoon,Occasional afternoon rain,0.69,0.15,0.15,9.2,rain,249,26.5,78,88
ambient weather,2025-06-04,2025-05-29,Ayeyarwady,Myaungmya,Wakema,16.4373,95.1338,Asia/Rangoon,Cloudy with a little rain,0.63,0.27,0.27,6.9,rain,235,21.9,79,87
ambient weather,2025-06-05,2025-05-29,Ayeyarwady,Myaungmya,Wakema,16.4373,95.1338,Asia/Rangoon,Rain in the afternoon,0.74,0.52,0.52,4.6,rain,251,13.8,78,88
ambient weather,2025-06-06,2025-05-29,Ayeyarwady,Myaungmya,Wakema,16.4373,95.1338,Asia/Rangoon,Occasional rain,0.68,0.52,0.52,3.5,rain,246,12.7,79,86
ambient weather,2025-05-28,2025-05-29,Ayeyarwady,Pathein,Yegyi,17.1996,95.0841,Asia/Rangoon,Breezy with rain,1.0,0.92,0.92,13.8,rain,178,34.5,77,85
ambient weather,2025-05-29,2025-05-29,Ayeyarwady,Pathein,Yegyi,17.1996,95.0841,Asia/Rangoon,Breezy with rain,0.99,0.66,0.66,11.5,rain,200,38.0,77,89
ambient weather,2025-05-30,2025-05-29,Ayeyarwady,Pathein,Yegyi,17.1996,95.0841,Asia/Rangoon,"Morning t-storms, then rain",0.97,0.84,0.84,11.5,thunderstorm,195,32.2,77,87
ambient weather,2025-05-31,2025-05-29,Ayeyarwady,Pathein,Yegyi,17.1996,95.0841,Asia/Rangoon,Rain in the afternoon,0.99,1.02,1.02,9.2,thunderstorm,202,26.5,77,86
ambient weather,2025-06-01,2025-05-29,Ayeyarwady,Pathein,Yegyi,17.1996,95.0841,Asia/Rangoon,A couple of morning t-storms,0.9,0.38,0.38,11.5,thunderstorm,213,29.9,77,86
ambient weather,2025-06-02,2025-05-29,Ayeyarwady,Pathein,Yegyi,17.1996,95.0841,Asia/Rangoon,Thunderstorms in the morning,0.93,0.37,0.37,10.4,thunderstorm,225,35.7,78,82
ambient weather,2025-06-03,2025-05-29,Ayeyarwady,Pathein,Yegyi,17.1996,95.0841,Asia/Rangoon,A little afternoon rain,0.65,0.3,0.3,8.1,rain,254,26.5,78,85
ambient weather,2025-06-04,2025-05-29,Ayeyarwady,Pathein,Yegyi,17.1996,95.0841,Asia/Rangoon,A touch of morning rain,0.56,0.07,0.07,6.9,rain,248,20.7,77,89
ambient weather,2025-06-05,2025-05-29,Ayeyarwady,Pathein,Yegyi,17.1996,95.0841,Asia/Rangoon,Rain in the afternoon,0.75,0.16,0.16,2.3,rain,190,11.5,78,87
ambient weather,2025-06-06,2025-05-29,Ayeyarwady,Pathein,Yegyi,17.1996,95.0841,Asia/Rangoon,Cloudy with a touch of rain,0.58,0.12,0.12,4.6,rain,228,13.8,78,86
ambient weather,2025-05-28,2025-05-29,Ayeyarwady,Hinthada,Zalun,17.4792,95.5574,Asia/Rangoon,"Morning t-storms, then rain",1.0,0.85,0.85,10.4,thunderstorm,165,33.4,77,86
ambient weather,2025-05-29,2025-05-29,Ayeyarwady,Hinthada,Zalun,17.4792,95.5574,Asia/Rangoon,Rain and a t-storm; breezy,0.99,0.73,0.73,12.7,rain,194,35.7,78,89
ambient weather,2025-05-30,2025-05-29,Ayeyarwady,Hinthada,Zalun,17.4792,95.5574,Asia/Rangoon,Breezy with periods of rain,0.91,0.46,0.46,13.8,rain,200,34.5,77,88
ambient weather,2025-05-31,2025-05-29,Ayeyarwady,Hinthada,Zalun,17.4792,95.5574,Asia/Rangoon,"Morning t-storms, then rain",0.97,0.89,0.89,11.5,thunderstorm,194,28.8,77,85
ambient weather,2025-06-01,2025-05-29,Ayeyarwady,Hinthada,Zalun,17.4792,95.5574,Asia/Rangoon,Rain and a thunderstorm,0.94,0.34,0.34,12.7,rain,198,28.8,77,87
ambient weather,2025-06-02,2025-05-29,Ayeyarwady,Hinthada,Zalun,17.4792,95.5574,Asia/Rangoon,Some rain and a thunderstorm,0.84,0.74,0.74,10.4,rain,212,32.2,76,85
ambient weather,2025-06-03,2025-05-29,Ayeyarwady,Hinthada,Zalun,17.4792,95.5574,Asia/Rangoon,A couple of morning t-storms,0.63,0.15,0.15,9.2,thunderstorm,248,27.6,77,86
ambient weather,2025-06-04,2025-05-29,Ayeyarwady,Hinthada,Zalun,17.4792,95.5574,Asia/Rangoon,An afternoon shower or two,0.65,0.12,0.12,5.8,rain,227,19.6,78,90
ambient weather,2025-06-05,2025-05-29,Ayeyarwady,Hinthada,Zalun,17.4792,95.5574,Asia/Rangoon,"Cloudy, a couple of t-storms",0.71,0.45,0.45,3.5,thunderstorm,208,11.5,79,88
ambient weather,2025-06-06,2025-05-29,Ayeyarwady,Hinthada,Zalun,17.4792,95.5574,Asia/Rangoon,Cloudy with a little rain,0.63,0.41,0.41,5.8,rain,217,15.0,78,87
ambient weather,2025-05-28,2025-05-29,Bago (East),Bago,Bago,17.3349,96.483,Asia/Rangoon,Afternoon rain,1.0,0.47,0.47,11.5,thunderstorm,151,27.6,77,85
ambient weather,2025-05-29,2025-05-29,Bago (East),Bago,Bago,17.3349,96.483,Asia/Rangoon,Rain,0.99,0.84,0.84,10.4,rain,180,27.6,77,87
ambient weather,2025-05-30,2025-05-29,Bago (East),Bago,Bago,17.3349,96.483,Asia/Rangoon,Periods of rain,0.95,0.55,0.55,9.2,rain,191,25.3,78,86
ambient weather,2025-05-31,2025-05-29,Bago (East),Bago,Bago,17.3349,96.483,Asia/Rangoon,"Morning t-storms, then rain",0.96,0.69,0.69,10.4,thunderstorm,207,25.3,77,84
ambient weather,2025-06-01,2025-05-29,Bago (East),Bago,Bago,17.3349,96.483,Asia/Rangoon,"Morning t-storms, then rain",0.91,0.79,0.79,10.4,thunderstorm,189,26.5,77,84
ambient weather,2025-06-02,2025-05-29,Bago (East),Bago,Bago,17.3349,96.483,Asia/Rangoon,Morning thunderstorms,0.95,0.52,0.52,10.4,thunderstorm,207,31.1,77,85
ambient weather,2025-06-03,2025-05-29,Bago (East),Bago,Bago,17.3349,96.483,Asia/Rangoon,Periods of rain and a t-storm,0.67,0.68,0.68,8.1,rain,261,20.7,77,85
ambient weather,2025-06-04,2025-05-29,Bago (East),Bago,Bago,17.3349,96.483,Asia/Rangoon,A bit of afternoon rain,0.62,0.15,0.15,5.8,rain,210,16.1,79,86
ambient weather,2025-06-05,2025-05-29,Bago (East),Bago,Bago,17.3349,96.483,Asia/Rangoon,Cloudy with occasional rain,0.62,0.3,0.3,4.6,rain,157,20.7,78,84
ambient weather,2025-06-06,2025-05-29,Bago (East),Bago,Bago,17.3349,96.483,Asia/Rangoon,Occasional rain,0.67,0.48,0.48,3.5,rain,177,11.5,78,84
ambient weather,2025-05-28,2025-05-29,Bago (East),Bago,Daik-U,17.7903,96.6686,Asia/Rangoon,"Morning t-storms, then rain",1.0,0.42,0.42,10.4,thunderstorm,140,23.0,76,86
ambient weather,2025-05-29,2025-05-29,Bago (East),Bago,Daik-U,17.7903,96.6686,Asia/Rangoon,Humid with rain and a t-storm,0.99,0.99,0.99,10.4,rain,161,26.5,77,86
ambient weather,2025-05-30,2025-05-29,Bago (East),Bago,Daik-U,17.7903,96.6686,Asia/Rangoon,"Rain, heavy at times",0.99,1.28,1.28,9.2,rain,152,25.3,77,83
ambient weather,2025-05-31,2025-05-29,Bago (East),Bago,Daik-U,17.7903,96.6686,Asia/Rangoon,"Morning t-storms, then rain",0.97,0.73,0.73,9.2,thunderstorm,189,24.2,76,84
ambient weather,2025-06-01,2025-05-29,Bago (East),Bago,Daik-U,17.7903,96.6686,Asia/Rangoon,"Morning t-storms, then rain",0.96,1.06,1.06,9.2,thunderstorm,173,24.2,76,82
ambient weather,2025-06-02,2025-05-29,Bago (East),Bago,Daik-U,17.7903,96.6686,Asia/Rangoon,Morning thunderstorms,0.95,0.6,0.6,9.2,thunderstorm,182,27.6,76,84
ambient weather,2025-06-03,2025-05-29,Bago (East),Bago,Daik-U,17.7903,96.6686,Asia/Rangoon,Rain and a thunderstorm,0.7,1.09,1.09,4.6,rain,232,16.1,75,84
ambient weather,2025-06-04,2025-05-29,Bago (East),Bago,Daik-U,17.7903,96.6686,Asia/Rangoon,A little afternoon rain,0.58,0.09,0.09,4.6,rain,202,15.0,77,87
ambient weather,2025-06-05,2025-05-29,Bago (East),Bago,Daik-U,17.7903,96.6686,Asia/Rangoon,Cloudy with a little rain,0.61,0.18,0.18,5.8,rain,138,19.6,78,86
ambient weather,2025-06-06,2025-05-29,Bago (East),Bago,Daik-U,17.7903,96.6686,Asia/Rangoon,Occasional rain,0.6,0.22,0.22,4.6,rain,178,12.7,77,86
ambient weather,2025-05-28,2025-05-29,Bago (East),Taungoo,Htantabin,18.8454,96.4845,Asia/Rangoon,Rain,0.94,0.34,0.34,9.2,rain,161,25.3,77,88
ambient weather,2025-05-29,2025-05-29,Bago (East),Taungoo,Htantabin,18.8454,96.4845,Asia/Rangoon,Periods of rain,0.91,0.18,0.18,11.5,rain,156,34.5,78,90
ambient weather,2025-05-30,2025-05-29,Bago (East),Taungoo,Htantabin,18.8454,96.4845,Asia/Rangoon,Periods of rain,0.91,0.36,0.36,11.5,rain,155,29.9,77,89
ambient weather,2025-05-31,2025-05-29,Bago (East),Taungoo,Htantabin,18.8454,96.4845,Asia/Rangoon,Periods of rain,0.98,1.17,1.17,9.2,rain,157,25.3,78,89
ambient weather,2025-06-01,2025-05-29,Bago (East),Taungoo,Htantabin,18.8454,96.4845,Asia/Rangoon,Rain and a thunderstorm,0.94,0.3,0.3,10.4,rain,146,25.3,77,88
ambient weather,2025-06-02,2025-05-29,Bago (East),Taungoo,Htantabin,18.8454,96.4845,Asia/Rangoon,Rain and a thunderstorm,0.94,0.4,0.4,9.2,rain,137,27.6,76,86
ambient weather,2025-06-03,2025-05-29,Bago (East),Taungoo,Htantabin,18.8454,96.4845,Asia/Rangoon,"A morning t-storm, then rain",0.74,0.97,0.97,5.8,rain,154,18.4,77,90
ambient weather,2025-06-04,2025-05-29,Bago (East),Taungoo,Htantabin,18.8454,96.4845,Asia/Rangoon,Cloudy with a little rain,0.65,0.45,0.45,5.8,rain,162,17.3,77,90
ambient weather,2025-06-05,2025-05-29,Bago (East),Taungoo,Htantabin,18.8454,96.4845,Asia/Rangoon,Afternoon rain,0.68,0.13,0.13,6.9,rain,165,17.3,76,91
ambient weather,2025-06-06,2025-05-29,Bago (East),Taungoo,Htantabin,18.8454,96.4845,Asia/Rangoon,Occasional rain,0.6,0.21,0.21,5.8,rain,150,15.0,77,89
ambient weather,2025-05-28,2025-05-29,Bago (East),Bago,Kawa,17.0913,96.4657,Asia/Rangoon,Afternoon rain,1.0,0.47,0.47,11.5,thunderstorm,151,27.6,77,85
ambient weather,2025-05-29,2025-05-29,Bago (East),Bago,Kawa,17.0913,96.4657,Asia/Rangoon,Rain,0.99,0.84,0.84,10.4,rain,180,27.6,77,87
ambient weather,2025-05-30,2025-05-29,Bago (East),Bago,Kawa,17.0913,96.4657,Asia/Rangoon,Periods of rain,0.95,0.55,0.55,9.2,rain,191,25.3,78,86
ambient weather,2025-05-31,2025-05-29,Bago (East),Bago,Kawa,17.0913,96.4657,Asia/Rangoon,"Morning t-storms, then rain",0.96,0.69,0.69,10.4,thunderstorm,207,25.3,77,84
ambient weather,2025-06-01,2025-05-29,Bago (East),Bago,Kawa,17.0913,96.4657,Asia/Rangoon,"Morning t-storms, then rain",0.91,0.79,0.79,10.4,thunderstorm,189,26.5,77,84
ambient weather,2025-06-02,2025-05-29,Bago (East),Bago,Kawa,17.0913,96.4657,Asia/Rangoon,Morning thunderstorms,0.95,0.52,0.52,10.4,thunderstorm,207,31.1,77,85
ambient weather,2025-06-03,2025-05-29,Bago (East),Bago,Kawa,17.0913,96.4657,Asia/Rangoon,Periods of rain and a t-storm,0.67,0.68,0.68,8.1,rain,261,20.7,77,85
ambient weather,2025-06-04,2025-05-29,Bago (East),Bago,Kawa,17.0913,96.4657,Asia/Rangoon,A bit of afternoon rain,0.62,0.15,0.15,5.8,rain,210,16.1,79,86
ambient weather,2025-06-05,2025-05-29,Bago (East),Bago,Kawa,17.0913,96.4657,Asia/Rangoon,Cloudy with occasional rain,0.62,0.3,0.3,4.6,rain,157,20.7,78,84
ambient weather,2025-06-06,2025-05-29,Bago (East),Bago,Kawa,17.0913,96.4657,Asia/Rangoon,Occasional rain,0.67,0.48,0.48,3.5,rain,177,11.5,78,84
ambient weather,2025-05-28,2025-05-29,Bago (East),Taungoo,Kyaukkyi,18.3269,96.7692,Asia/Rangoon,Afternoon rain,1.0,0.43,0.43,10.4,thunderstorm,159,20.7,76,86
ambient weather,2025-05-29,2025-05-29,Bago (East),Taungoo,Kyaukkyi,18.3269,96.7692,Asia/Rangoon,Periods of rain and a t-storm,0.99,0.78,0.78,10.4,rain,158,32.2,76,85
ambient weather,2025-05-30,2025-05-29,Bago (East),Taungoo,Kyaukkyi,18.3269,96.7692,Asia/Rangoon,Afternoon rain,0.98,0.77,0.77,10.4,thunderstorm,155,28.8,76,83
ambient weather,2025-05-31,2025-05-29,Bago (East),Taungoo,Kyaukkyi,18.3269,96.7692,Asia/Rangoon,Heavy afternoon rain,0.96,0.59,0.59,10.4,thunderstorm,168,23.0,76,84
ambient weather,2025-06-01,2025-05-29,Bago (East),Taungoo,Kyaukkyi,18.3269,96.7692,Asia/Rangoon,"Morning t-storms, then rain",0.97,0.96,0.96,9.2,thunderstorm,144,24.2,76,84
ambient weather,2025-06-02,2025-05-29,Bago (East),Taungoo,Kyaukkyi,18.3269,96.7692,Asia/Rangoon,Periods of rain and a t-storm,0.96,0.97,0.97,9.2,rain,143,27.6,77,82
ambient weather,2025-06-03,2025-05-29,Bago (East),Taungoo,Kyaukkyi,18.3269,96.7692,Asia/Rangoon,Periods of rain and a t-storm,0.65,0.62,0.62,4.6,rain,124,17.3,75,83
ambient weather,2025-06-04,2025-05-29,Bago (East),Taungoo,Kyaukkyi,18.3269,96.7692,Asia/Rangoon,"Mostly cloudy, a little rain",0.6,0.17,0.17,5.8,rain,152,17.3,78,88
ambient weather,2025-06-05,2025-05-29,Bago (East),Taungoo,Kyaukkyi,18.3269,96.7692,Asia/Rangoon,An afternoon t-storm or two,0.69,0.35,0.35,5.8,thunderstorm,151,16.1,77,87
ambient weather,2025-06-06,2025-05-29,Bago (East),Taungoo,Kyaukkyi,18.3269,96.7692,Asia/Rangoon,Cloudy with occasional rain,0.65,0.22,0.22,4.6,rain,164,12.7,77,87
ambient weather,2025-05-28,2025-05-29,Bago (East),Bago,Kyauktaga,18.0384,96.5544,Asia/Rangoon,Afternoon rain,1.0,0.43,0.43,10.4,thunderstorm,159,20.7,76,86
ambient weather,2025-05-29,2025-05-29,Bago (East),Bago,Kyauktaga,18.0384,96.5544,Asia/Rangoon,Periods of rain and a t-storm,0.99,0.78,0.78,10.4,rain,158,32.2,76,85
ambient weather,2025-05-30,2025-05-29,Bago (East),Bago,Kyauktaga,18.0384,96.5544,Asia/Rangoon,Afternoon rain,0.98,0.77,0.77,10.4,thunderstorm,155,28.8,76,83
ambient weather,2025-05-31,2025-05-29,Bago (East),Bago,Kyauktaga,18.0384,96.5544,Asia/Rangoon,Heavy afternoon rain,0.96,0.59,0.59,10.4,thunderstorm,168,23.0,76,84
ambient weather,2025-06-01,2025-05-29,Bago (East),Bago,Kyauktaga,18.0384,96.5544,Asia/Rangoon,"Morning t-storms, then rain",0.97,0.96,0.96,9.2,thunderstorm,144,24.2,76,84
ambient weather,2025-06-02,2025-05-29,Bago (East),Bago,Kyauktaga,18.0384,96.5544,Asia/Rangoon,Periods of rain and a t-storm,0.96,0.97,0.97,9.2,rain,143,27.6,76,83
ambient weather,2025-06-03,2025-05-29,Bago (East),Bago,Kyauktaga,18.0384,96.5544,Asia/Rangoon,Periods of rain and a t-storm,0.65,0.62,0.62,4.6,rain,124,17.3,75,84
ambient weather,2025-06-04,2025-05-29,Bago (East),Bago,Kyauktaga,18.0384,96.5544,Asia/Rangoon,"Mostly cloudy, a little rain",0.6,0.17,0.17,5.8,rain,152,17.3,78,88
ambient weather,2025-06-05,2025-05-29,Bago (East),Bago,Kyauktaga,18.0384,96.5544,Asia/Rangoon,An afternoon t-storm or two,0.69,0.35,0.35,5.8,thunderstorm,150,16.1,77,87
ambient weather,2025-06-06,2025-05-29,Bago (East),Bago,Kyauktaga,18.0384,96.5544,Asia/Rangoon,Cloudy with occasional rain,0.65,0.22,0.22,4.6,rain,163,12.7,77,87
ambient weather,2025-05-28,2025-05-29,Bago (East),Bago,Nyaunglebin,17.9166,96.8446,Asia/Rangoon,Afternoon rain,1.0,0.43,0.43,10.4,thunderstorm,159,20.7,76,86
ambient weather,2025-05-29,2025-05-29,Bago (East),Bago,Nyaunglebin,17.9166,96.8446,Asia/Rangoon,Periods of rain and a t-storm,0.99,0.78,0.78,10.4,rain,158,32.2,76,85
ambient weather,2025-05-30,2025-05-29,Bago (East),Bago,Nyaunglebin,17.9166,96.8446,Asia/Rangoon,Afternoon rain,0.98,0.77,0.77,10.4,thunderstorm,155,28.8,76,83
ambient weather,2025-05-31,2025-05-29,Bago (East),Bago,Nyaunglebin,17.9166,96.8446,Asia/Rangoon,Heavy afternoon rain,0.96,0.59,0.59,10.4,thunderstorm,168,23.0,76,84
ambient weather,2025-06-01,2025-05-29,Bago (East),Bago,Nyaunglebin,17.9166,96.8446,Asia/Rangoon,"Morning t-storms, then rain",0.97,0.96,0.96,9.2,thunderstorm,144,24.2,76,84
ambient weather,2025-06-02,2025-05-29,Bago (East),Bago,Nyaunglebin,17.9166,96.8446,Asia/Rangoon,Periods of rain and a t-storm,0.96,0.97,0.97,9.2,rain,143,27.6,76,83
ambient weather,2025-06-03,2025-05-29,Bago (East),Bago,Nyaunglebin,17.9166,96.8446,Asia/Rangoon,Periods of rain and a t-storm,0.65,0.62,0.62,4.6,rain,124,17.3,75,84
ambient weather,2025-06-04,2025-05-29,Bago (East),Bago,Nyaunglebin,17.9166,96.8446,Asia/Rangoon,"Mostly cloudy, a little rain",0.6,0.17,0.17,5.8,rain,152,17.3,78,88
ambient weather,2025-06-05,2025-05-29,Bago (East),Bago,Nyaunglebin,17.9166,96.8446,Asia/Rangoon,An afternoon t-storm or two,0.69,0.35,0.35,5.8,thunderstorm,150,16.1,77,87
ambient weather,2025-06-06,2025-05-29,Bago (East),Bago,Nyaunglebin,17.9166,96.8446,Asia/Rangoon,Cloudy with occasional rain,0.65,0.22,0.22,4.6,rain,163,12.7,77,87
ambient weather,2025-05-28,2025-05-29,Bago (East),Taungoo,Oktwin,18.7011,96.4087,Asia/Rangoon,Rain,1.0,0.15,0.15,11.5,rain,159,25.3,76,87
ambient weather,2025-05-29,2025-05-29,Bago (East),Taungoo,Oktwin,18.7011,96.4087,Asia/Rangoon,Periods of rain and a t-storm,0.97,0.61,0.61,10.4,rain,161,28.8,77,88
ambient weather,2025-05-30,2025-05-29,Bago (East),Taungoo,Oktwin,18.7011,96.4087,Asia/Rangoon,Rain,0.97,0.83,0.83,10.4,rain,161,31.1,77,86
ambient weather,2025-05-31,2025-05-29,Bago (East),Taungoo,Oktwin,18.7011,96.4087,Asia/Rangoon,Periods of rain,0.98,0.81,0.81,8.1,rain,168,21.9,77,86
ambient weather,2025-06-01,2025-05-29,Bago (East),Taungoo,Oktwin,18.7011,96.4087,Asia/Rangoon,Rain,0.94,0.52,0.52,10.4,rain,151,27.6,76,85
ambient weather,2025-06-02,2025-05-29,Bago (East),Taungoo,Oktwin,18.7011,96.4087,Asia/Rangoon,An afternoon t-storm or two,0.92,0.32,0.32,8.1,thunderstorm,146,26.5,76,85
ambient weather,2025-06-03,2025-05-29,Bago (East),Taungoo,Oktwin,18.7011,96.4087,Asia/Rangoon,Rain,0.76,0.81,0.81,4.6,rain,152,16.1,76,85
ambient weather,2025-06-04,2025-05-29,Bago (East),Taungoo,Oktwin,18.7011,96.4087,Asia/Rangoon,"Mostly cloudy, a little rain",0.61,0.27,0.27,5.8,rain,160,13.8,78,90
ambient weather,2025-06-05,2025-05-29,Bago (East),Taungoo,Oktwin,18.7011,96.4087,Asia/Rangoon,An afternoon t-storm or two,0.68,0.35,0.35,6.9,thunderstorm,171,18.4,77,89
ambient weather,2025-06-06,2025-05-29,Bago (East),Taungoo,Oktwin,18.7011,96.4087,Asia/Rangoon,Rain at times,0.68,0.62,0.62,4.6,rain,155,13.8,77,88
ambient weather,2025-05-28,2025-05-29,Bago (East),Taungoo,Phyu,18.3405,96.4907,Asia/Rangoon,Rain,1.0,0.15,0.15,11.5,rain,159,25.3,76,87
ambient weather,2025-05-29,2025-05-29,Bago (East),Taungoo,Phyu,18.3405,96.4907,Asia/Rangoon,Periods of rain and a t-storm,0.97,0.61,0.61,10.4,rain,161,28.8,77,88
ambient weather,2025-05-30,2025-05-29,Bago (East),Taungoo,Phyu,18.3405,96.4907,Asia/Rangoon,Rain,0.97,0.83,0.83,10.4,rain,161,31.1,77,86
ambient weather,2025-05-31,2025-05-29,Bago (East),Taungoo,Phyu,18.3405,96.4907,Asia/Rangoon,Periods of rain,0.98,0.81,0.81,8.1,rain,168,21.9,77,86
ambient weather,2025-06-01,2025-05-29,Bago (East),Taungoo,Phyu,18.3405,96.4907,Asia/Rangoon,Rain,0.94,0.52,0.52,10.4,rain,151,27.6,76,85
ambient weather,2025-06-02,2025-05-29,Bago (East),Taungoo,Phyu,18.3405,96.4907,Asia/Rangoon,An afternoon t-storm or two,0.92,0.32,0.32,8.1,thunderstorm,146,26.5,76,85
ambient weather,2025-06-03,2025-05-29,Bago (East),Taungoo,Phyu,18.3405,96.4907,Asia/Rangoon,Rain,0.76,0.81,0.81,4.6,rain,152,16.1,76,85
ambient weather,2025-06-04,2025-05-29,Bago (East),Taungoo,Phyu,18.3405,96.4907,Asia/Rangoon,"Mostly cloudy, a little rain",0.61,0.27,0.27,5.8,rain,160,13.8,78,90
ambient weather,2025-06-05,2025-05-29,Bago (East),Taungoo,Phyu,18.3405,96.4907,Asia/Rangoon,An afternoon t-storm or two,0.68,0.35,0.35,6.9,thunderstorm,171,18.4,77,89
ambient weather,2025-06-06,2025-05-29,Bago (East),Taungoo,Phyu,18.3405,96.4907,Asia/Rangoon,Rain at times,0.68,0.62,0.62,4.6,rain,155,13.8,77,88
ambient weather,2025-05-28,2025-05-29,Bago (East),Bago,Shwegyin,17.9211,96.8774,Asia/Rangoon,Afternoon rain,1.0,0.43,0.43,10.4,thunderstorm,159,20.7,76,86
ambient weather,2025-05-29,2025-05-29,Bago (East),Bago,Shwegyin,17.9211,96.8774,Asia/Rangoon,Periods of rain and a t-storm,0.99,0.78,0.78,10.4,rain,158,32.2,76,85
ambient weather,2025-05-30,2025-05-29,Bago (East),Bago,Shwegyin,17.9211,96.8774,Asia/Rangoon,Afternoon rain,0.98,0.77,0.77,10.4,thunderstorm,155,28.8,76,83
ambient weather,2025-05-31,2025-05-29,Bago (East),Bago,Shwegyin,17.9211,96.8774,Asia/Rangoon,Heavy afternoon rain,0.96,0.59,0.59,10.4,thunderstorm,168,23.0,76,84
ambient weather,2025-06-01,2025-05-29,Bago (East),Bago,Shwegyin,17.9211,96.8774,Asia/Rangoon,"Morning t-storms, then rain",0.97,0.96,0.96,9.2,thunderstorm,144,24.2,76,84
ambient weather,2025-06-02,2025-05-29,Bago (East),Bago,Shwegyin,17.9211,96.8774,Asia/Rangoon,Periods of rain and a t-storm,0.96,0.97,0.97,9.2,rain,143,27.6,77,82
ambient weather,2025-06-03,2025-05-29,Bago (East),Bago,Shwegyin,17.9211,96.8774,Asia/Rangoon,Periods of rain and a t-storm,0.65,0.62,0.62,4.6,rain,124,17.3,75,83
ambient weather,2025-06-04,2025-05-29,Bago (East),Bago,Shwegyin,17.9211,96.8774,Asia/Rangoon,"Mostly cloudy, a little rain",0.6,0.17,0.17,5.8,rain,152,17.3,78,88
ambient weather,2025-06-05,2025-05-29,Bago (East),Bago,Shwegyin,17.9211,96.8774,Asia/Rangoon,An afternoon t-storm or two,0.69,0.35,0.35,5.8,thunderstorm,151,16.1,77,87
ambient weather,2025-06-06,2025-05-29,Bago (East),Bago,Shwegyin,17.9211,96.8774,Asia/Rangoon,Cloudy with occasional rain,0.65,0.22,0.22,4.6,rain,164,12.7,77,87
ambient weather,2025-05-28,2025-05-29,Bago (East),Taungoo,Taungoo,19.0122,96.4047,Asia/Rangoon,Rain,0.94,0.34,0.34,9.2,rain,161,25.3,77,88
ambient weather,2025-05-29,2025-05-29,Bago (East),Taungoo,Taungoo,19.0122,96.4047,Asia/Rangoon,Periods of rain,0.91,0.18,0.18,11.5,rain,156,34.5,78,90
ambient weather,2025-05-30,2025-05-29,Bago (East),Taungoo,Taungoo,19.0122,96.4047,Asia/Rangoon,Periods of rain,0.91,0.36,0.36,11.5,rain,155,29.9,77,89
ambient weather,2025-05-31,2025-05-29,Bago (East),Taungoo,Taungoo,19.0122,96.4047,Asia/Rangoon,Periods of rain,0.98,1.17,1.17,9.2,rain,157,25.3,78,89
ambient weather,2025-06-01,2025-05-29,Bago (East),Taungoo,Taungoo,19.0122,96.4047,Asia/Rangoon,Rain and a thunderstorm,0.94,0.3,0.3,10.4,rain,146,25.3,77,88
ambient weather,2025-06-02,2025-05-29,Bago (East),Taungoo,Taungoo,19.0122,96.4047,Asia/Rangoon,Rain and a thunderstorm,0.94,0.4,0.4,9.2,rain,137,27.6,76,86
ambient weather,2025-06-03,2025-05-29,Bago (East),Taungoo,Taungoo,19.0122,96.4047,Asia/Rangoon,"A morning t-storm, then rain",0.74,0.97,0.97,5.8,rain,154,18.4,77,90
ambient weather,2025-06-04,2025-05-29,Bago (East),Taungoo,Taungoo,19.0122,96.4047,Asia/Rangoon,Cloudy with a little rain,0.65,0.45,0.45,5.8,rain,162,17.3,77,90
ambient weather,2025-06-05,2025-05-29,Bago (East),Taungoo,Taungoo,19.0122,96.4047,Asia/Rangoon,Afternoon rain,0.68,0.13,0.13,6.9,rain,165,17.3,76,91
ambient weather,2025-06-06,2025-05-29,Bago (East),Taungoo,Taungoo,19.0122,96.4047,Asia/Rangoon,Occasional rain,0.6,0.21,0.21,5.8,rain,150,15.0,77,89
ambient weather,2025-05-28,2025-05-29,Bago (East),Bago,Thanatpin,17.2898,96.5772,Asia/Rangoon,Afternoon rain,1.0,0.47,0.47,11.5,thunderstorm,151,27.6,77,85
ambient weather,2025-05-29,2025-05-29,Bago (East),Bago,Thanatpin,17.2898,96.5772,Asia/Rangoon,Rain,0.99,0.84,0.84,10.4,rain,180,27.6,77,87
ambient weather,2025-05-30,2025-05-29,Bago (East),Bago,Thanatpin,17.2898,96.5772,Asia/Rangoon,Periods of rain,0.95,0.55,0.55,9.2,rain,191,25.3,78,86
ambient weather,2025-05-31,2025-05-29,Bago (East),Bago,Thanatpin,17.2898,96.5772,Asia/Rangoon,"Morning t-storms, then rain",0.96,0.69,0.69,10.4,thunderstorm,207,25.3,77,84
ambient weather,2025-06-01,2025-05-29,Bago (East),Bago,Thanatpin,17.2898,96.5772,Asia/Rangoon,"Morning t-storms, then rain",0.91,0.79,0.79,10.4,thunderstorm,189,26.5,77,84
ambient weather,2025-06-02,2025-05-29,Bago (East),Bago,Thanatpin,17.2898,96.5772,Asia/Rangoon,Morning thunderstorms,0.95,0.52,0.52,10.4,thunderstorm,207,31.1,77,85
ambient weather,2025-06-03,2025-05-29,Bago (East),Bago,Thanatpin,17.2898,96.5772,Asia/Rangoon,Periods of rain and a t-storm,0.67,0.68,0.68,8.1,rain,261,20.7,77,85
ambient weather,2025-06-04,2025-05-29,Bago (East),Bago,Thanatpin,17.2898,96.5772,Asia/Rangoon,A bit of afternoon rain,0.62,0.15,0.15,5.8,rain,210,16.1,79,86
ambient weather,2025-06-05,2025-05-29,Bago (East),Bago,Thanatpin,17.2898,96.5772,Asia/Rangoon,Cloudy with occasional rain,0.62,0.3,0.3,4.6,rain,157,20.7,78,84
ambient weather,2025-06-06,2025-05-29,Bago (East),Bago,Thanatpin,17.2898,96.5772,Asia/Rangoon,Occasional rain,0.67,0.48,0.48,3.5,rain,177,11.5,78,84
ambient weather,2025-05-28,2025-05-29,Bago (East),Bago,Waw,17.4837,96.6828,Asia/Rangoon,"Morning t-storms, then rain",1.0,0.42,0.42,10.4,thunderstorm,140,23.0,76,86
ambient weather,2025-05-29,2025-05-29,Bago (East),Bago,Waw,17.4837,96.6828,Asia/Rangoon,Humid with rain and a t-storm,0.99,0.99,0.99,10.4,rain,161,26.5,77,86
ambient weather,2025-05-30,2025-05-29,Bago (East),Bago,Waw,17.4837,96.6828,Asia/Rangoon,"Rain, heavy at times",0.99,1.28,1.28,9.2,rain,152,25.3,77,83
ambient weather,2025-05-31,2025-05-29,Bago (East),Bago,Waw,17.4837,96.6828,Asia/Rangoon,"Morning t-storms, then rain",0.97,0.73,0.73,9.2,thunderstorm,189,24.2,76,84
ambient weather,2025-06-01,2025-05-29,Bago (East),Bago,Waw,17.4837,96.6828,Asia/Rangoon,"Morning t-storms, then rain",0.96,1.06,1.06,9.2,thunderstorm,173,24.2,76,82
ambient weather,2025-06-02,2025-05-29,Bago (East),Bago,Waw,17.4837,96.6828,Asia/Rangoon,Morning thunderstorms,0.95,0.6,0.6,9.2,thunderstorm,182,27.6,76,84
ambient weather,2025-06-03,2025-05-29,Bago (East),Bago,Waw,17.4837,96.6828,Asia/Rangoon,Rain and a thunderstorm,0.7,1.09,1.09,4.6,rain,232,16.1,75,84
ambient weather,2025-06-04,2025-05-29,Bago (East),Bago,Waw,17.4837,96.6828,Asia/Rangoon,A little afternoon rain,0.58,0.09,0.09,4.6,rain,202,15.0,77,87
ambient weather,2025-06-05,2025-05-29,Bago (East),Bago,Waw,17.4837,96.6828,Asia/Rangoon,Cloudy with a little rain,0.61,0.18,0.18,5.8,rain,138,19.6,78,86
ambient weather,2025-06-06,2025-05-29,Bago (East),Bago,Waw,17.4837,96.6828,Asia/Rangoon,Occasional rain,0.6,0.22,0.22,4.6,rain,178,12.7,77,86
ambient weather,2025-05-28,2025-05-29,Bago (East),Taungoo,Yedashe,19.2646,96.2902,Asia/Rangoon,Rain,0.94,0.34,0.34,9.2,rain,161,25.3,77,88
ambient weather,2025-05-29,2025-05-29,Bago (East),Taungoo,Yedashe,19.2646,96.2902,Asia/Rangoon,Periods of rain,0.91,0.18,0.18,11.5,rain,156,34.5,78,90
ambient weather,2025-05-30,2025-05-29,Bago (East),Taungoo,Yedashe,19.2646,96.2902,Asia/Rangoon,Periods of rain,0.91,0.36,0.36,11.5,rain,155,29.9,77,89
ambient weather,2025-05-31,2025-05-29,Bago (East),Taungoo,Yedashe,19.2646,96.2902,Asia/Rangoon,Periods of rain,0.98,1.17,1.17,9.2,rain,157,25.3,78,89
ambient weather,2025-06-01,2025-05-29,Bago (East),Taungoo,Yedashe,19.2646,96.2902,Asia/Rangoon,Rain and a thunderstorm,0.94,0.3,0.3,10.4,rain,146,25.3,77,88
ambient weather,2025-06-02,2025-05-29,Bago (East),Taungoo,Yedashe,19.2646,96.2902,Asia/Rangoon,Rain and a thunderstorm,0.94,0.4,0.4,9.2,rain,137,27.6,76,86
ambient weather,2025-06-03,2025-05-29,Bago (East),Taungoo,Yedashe,19.2646,96.2902,Asia/Rangoon,"A morning t-storm, then rain",0.74,0.97,0.97,5.8,rain,154,18.4,77,90
ambient weather,2025-06-04,2025-05-29,Bago (East),Taungoo,Yedashe,19.2646,96.2902,Asia/Rangoon,Cloudy with a little rain,0.65,0.45,0.45,5.8,rain,162,17.3,77,90
ambient weather,2025-06-05,2025-05-29,Bago (East),Taungoo,Yedashe,19.2646,96.2902,Asia/Rangoon,Afternoon rain,0.68,0.13,0.13,6.9,rain,165,17.3,76,91
ambient weather,2025-06-06,2025-05-29,Bago (East),Taungoo,Yedashe,19.2646,96.2902,Asia/Rangoon,Occasional rain,0.6,0.21,0.21,5.8,rain,150,15.0,77,89
ambient weather,2025-05-28,2025-05-29,Bago (West),Thayarwady,Gyobingauk,18.2277,95.6503,Asia/Rangoon,Rain; breezy this morning,1.0,0.49,0.49,12.7,rain,148,27.6,77,88
ambient weather,2025-05-29,2025-05-29,Bago (West),Thayarwady,Gyobingauk,18.2277,95.6503,Asia/Rangoon,"Periods of rain, some heavy",0.99,0.74,0.74,9.2,rain,165,26.5,77,87
ambient weather,2025-05-30,2025-05-29,Bago (West),Thayarwady,Gyobingauk,18.2277,95.6503,Asia/Rangoon,Periods of rain,0.93,0.48,0.48,10.4,rain,178,29.9,77,84
ambient weather,2025-05-31,2025-05-29,Bago (West),Thayarwady,Gyobingauk,18.2277,95.6503,Asia/Rangoon,Periods of rain,0.95,0.53,0.53,10.4,rain,183,27.6,77,85
ambient weather,2025-06-01,2025-05-29,Bago (West),Thayarwady,Gyobingauk,18.2277,95.6503,Asia/Rangoon,Rain and a thunderstorm,0.94,0.72,0.72,10.4,rain,175,25.3,76,86
ambient weather,2025-06-02,2025-05-29,Bago (West),Thayarwady,Gyobingauk,18.2277,95.6503,Asia/Rangoon,Some rain and a thunderstorm,0.84,0.39,0.39,8.1,rain,201,24.2,76,84
ambient weather,2025-06-03,2025-05-29,Bago (West),Thayarwady,Gyobingauk,18.2277,95.6503,Asia/Rangoon,Rain and drizzle in the p.m.,0.7,0.25,0.25,5.8,rain,164,18.4,76,85
ambient weather,2025-06-04,2025-05-29,Bago (West),Thayarwady,Gyobingauk,18.2277,95.6503,Asia/Rangoon,A little afternoon rain,0.59,0.06,0.06,6.9,rain,201,17.3,79,91
ambient weather,2025-06-05,2025-05-29,Bago (West),Thayarwady,Gyobingauk,18.2277,95.6503,Asia/Rangoon,Afternoon rain,0.75,0.56,0.56,5.8,rain,163,16.1,78,89
ambient weather,2025-06-06,2025-05-29,Bago (West),Thayarwady,Gyobingauk,18.2277,95.6503,Asia/Rangoon,Cloudy with a touch of rain,0.63,0.42,0.42,3.5,rain,170,11.5,79,88
ambient weather,2025-05-28,2025-05-29,Bago (West),Thayarwady,Letpadan,17.7768,95.7473,Asia/Rangoon,"Morning t-storms, then rain",1.0,1.1,1.1,13.8,thunderstorm,152,33.4,76,83
ambient weather,2025-05-29,2025-05-29,Bago (West),Thayarwady,Letpadan,17.7768,95.7473,Asia/Rangoon,Periods of rain and a t-storm,0.98,0.67,0.67,10.4,rain,175,31.1,77,88
ambient weather,2025-05-30,2025-05-29,Bago (West),Thayarwady,Letpadan,17.7768,95.7473,Asia/Rangoon,A morning thunderstorm or two,0.93,0.54,0.54,11.5,thunderstorm,193,32.2,77,85
ambient weather,2025-05-31,2025-05-29,Bago (West),Thayarwady,Letpadan,17.7768,95.7473,Asia/Rangoon,"Morning t-storms, then rain",0.97,0.73,0.73,10.4,thunderstorm,192,26.5,77,85
ambient weather,2025-06-01,2025-05-29,Bago (West),Thayarwady,Letpadan,17.7768,95.7473,Asia/Rangoon,Rain in the afternoon,0.85,0.34,0.34,11.5,rain,188,27.6,76,86
ambient weather,2025-06-02,2025-05-29,Bago (West),Thayarwady,Letpadan,17.7768,95.7473,Asia/Rangoon,Periods of rain and a t-storm,0.94,0.74,0.74,10.4,rain,210,32.2,76,84
ambient weather,2025-06-03,2025-05-29,Bago (West),Thayarwady,Letpadan,17.7768,95.7473,Asia/Rangoon,A morning thunderstorm or two,0.63,0.36,0.36,8.1,thunderstorm,224,26.5,77,86
ambient weather,2025-06-04,2025-05-29,Bago (West),Thayarwady,Letpadan,17.7768,95.7473,Asia/Rangoon,A little afternoon rain,0.63,0.09,0.09,9.2,rain,220,23.0,78,86
ambient weather,2025-06-05,2025-05-29,Bago (West),Thayarwady,Letpadan,17.7768,95.7473,Asia/Rangoon,Cloudy with afternoon rain,0.75,0.61,0.61,4.6,rain,199,16.1,79,84
ambient weather,2025-06-06,2025-05-29,Bago (West),Thayarwady,Letpadan,17.7768,95.7473,Asia/Rangoon,Rain at times,0.68,0.59,0.59,4.6,rain,208,13.8,78,86
ambient weather,2025-05-28,2025-05-29,Bago (West),Thayarwady,Minhla,17.9752,95.708,Asia/Rangoon,Rain; breezy this morning,1.0,0.49,0.49,12.7,rain,148,27.6,77,88
ambient weather,2025-05-29,2025-05-29,Bago (West),Thayarwady,Minhla,17.9752,95.708,Asia/Rangoon,"Periods of rain, some heavy",0.99,0.74,0.74,9.2,rain,165,26.5,77,87
ambient weather,2025-05-30,2025-05-29,Bago (West),Thayarwady,Minhla,17.9752,95.708,Asia/Rangoon,Periods of rain,0.93,0.48,0.48,10.4,rain,178,29.9,77,84
ambient weather,2025-05-31,2025-05-29,Bago (West),Thayarwady,Minhla,17.9752,95.708,Asia/Rangoon,Periods of rain,0.95,0.53,0.53,10.4,rain,183,27.6,77,85
ambient weather,2025-06-01,2025-05-29,Bago (West),Thayarwady,Minhla,17.9752,95.708,Asia/Rangoon,Rain and a thunderstorm,0.94,0.72,0.72,10.4,rain,175,25.3,76,86
ambient weather,2025-06-02,2025-05-29,Bago (West),Thayarwady,Minhla,17.9752,95.708,Asia/Rangoon,Some rain and a thunderstorm,0.84,0.39,0.39,8.1,rain,201,24.2,77,83
ambient weather,2025-06-03,2025-05-29,Bago (West),Thayarwady,Minhla,17.9752,95.708,Asia/Rangoon,Rain and drizzle in the p.m.,0.7,0.25,0.25,5.8,rain,164,18.4,77,87
ambient weather,2025-06-04,2025-05-29,Bago (West),Thayarwady,Minhla,17.9752,95.708,Asia/Rangoon,A little afternoon rain,0.6,0.06,0.06,6.9,rain,201,17.3,79,91
ambient weather,2025-06-05,2025-05-29,Bago (West),Thayarwady,Minhla,17.9752,95.708,Asia/Rangoon,Afternoon rain,0.75,0.56,0.56,5.8,rain,163,16.1,78,89
ambient weather,2025-06-06,2025-05-29,Bago (West),Thayarwady,Minhla,17.9752,95.708,Asia/Rangoon,Cloudy with a touch of rain,0.63,0.42,0.42,3.5,rain,170,11.5,79,88
ambient weather,2025-05-28,2025-05-29,Bago (West),Thayarwady,Monyo,18.0293,95.5131,Asia/Rangoon,Breezy with rain,1.0,0.83,0.83,15.0,rain,160,34.5,77,88
ambient weather,2025-05-29,2025-05-29,Bago (West),Thayarwady,Monyo,18.0293,95.5131,Asia/Rangoon,Rain; breezy in the morning,0.97,0.56,0.56,12.7,rain,187,35.7,78,89
ambient weather,2025-05-30,2025-05-29,Bago (West),Thayarwady,Monyo,18.0293,95.5131,Asia/Rangoon,Breezy with periods of rain,0.91,0.29,0.29,13.8,rain,190,32.2,78,86
ambient weather,2025-05-31,2025-05-29,Bago (West),Thayarwady,Monyo,18.0293,95.5131,Asia/Rangoon,Afternoon rain,0.84,0.41,0.41,12.7,rain,187,28.8,77,85
ambient weather,2025-06-01,2025-05-29,Bago (West),Thayarwady,Monyo,18.0293,95.5131,Asia/Rangoon,Periods of rain and a t-storm,0.94,0.37,0.37,11.5,rain,189,26.5,76,87
ambient weather,2025-06-02,2025-05-29,Bago (West),Thayarwady,Monyo,18.0293,95.5131,Asia/Rangoon,Periods of rain and a t-storm,0.94,0.29,0.29,9.2,rain,204,28.8,77,83
ambient weather,2025-06-03,2025-05-29,Bago (West),Thayarwady,Monyo,18.0293,95.5131,Asia/Rangoon,Rain and drizzle in the a.m.,0.58,0.05,0.05,6.9,rain,191,23.0,78,87
ambient weather,2025-06-04,2025-05-29,Bago (West),Thayarwady,Monyo,18.0293,95.5131,Asia/Rangoon,A t-storm around in the p.m.,0.4,0.04,0.04,9.2,partly-cloudy-day,211,21.9,79,91
ambient weather,2025-06-05,2025-05-29,Bago (West),Thayarwady,Monyo,18.0293,95.5131,Asia/Rangoon,Cloudy with afternoon rain,0.75,0.24,0.24,5.8,rain,192,17.3,78,88
ambient weather,2025-06-06,2025-05-29,Bago (West),Thayarwady,Monyo,18.0293,95.5131,Asia/Rangoon,Rain at times,0.74,0.98,0.98,3.5,rain,191,10.4,79,88
ambient weather,2025-05-28,2025-05-29,Bago (West),Thayarwady,Nattalin,18.4261,95.5482,Asia/Rangoon,Breezy with rain,1.0,0.73,0.73,15.0,rain,159,32.2,77,89
ambient weather,2025-05-29,2025-05-29,Bago (West),Thayarwady,Nattalin,18.4261,95.5482,Asia/Rangoon,"Cloudy, rain; breezy",0.91,0.27,0.27,13.8,rain,180,38.0,77,88
ambient weather,2025-05-30,2025-05-29,Bago (West),Thayarwady,Nattalin,18.4261,95.5482,Asia/Rangoon,"A morning t-storm, then rain",0.89,0.31,0.31,13.8,thunderstorm,177,36.8,78,87
ambient weather,2025-05-31,2025-05-29,Bago (West),Thayarwady,Nattalin,18.4261,95.5482,Asia/Rangoon,Rain; breezy in the afternoon,0.91,0.28,0.28,13.8,rain,171,32.2,77,86
ambient weather,2025-06-01,2025-05-29,Bago (West),Thayarwady,Nattalin,18.4261,95.5482,Asia/Rangoon,Some rain and a thunderstorm,0.84,0.18,0.18,12.7,rain,177,31.1,77,86
ambient weather,2025-06-02,2025-05-29,Bago (West),Thayarwady,Nattalin,18.4261,95.5482,Asia/Rangoon,Occasional rain and a t-storm,0.84,0.18,0.18,8.1,rain,194,27.6,77,84
ambient weather,2025-06-03,2025-05-29,Bago (West),Thayarwady,Nattalin,18.4261,95.5482,Asia/Rangoon,"A.M. rain; otherwise, cloudy",0.82,0.34,0.34,5.8,rain,152,17.3,77,88
ambient weather,2025-06-04,2025-05-29,Bago (West),Thayarwady,Nattalin,18.4261,95.5482,Asia/Rangoon,An afternoon shower or two,0.65,0.08,0.08,5.8,rain,173,18.4,79,93
ambient weather,2025-06-05,2025-05-29,Bago (West),Thayarwady,Nattalin,18.4261,95.5482,Asia/Rangoon,A little afternoon rain,0.65,0.3,0.3,6.9,rain,170,18.4,78,90
ambient weather,2025-06-06,2025-05-29,Bago (West),Thayarwady,Nattalin,18.4261,95.5482,Asia/Rangoon,Cloudy with a little rain,0.65,0.21,0.21,4.6,rain,168,15.0,79,89
ambient weather,2025-05-28,2025-05-29,Bago (West),Thayarwady,Okpho,18.0429,95.6927,Asia/Rangoon,Rain; breezy this morning,1.0,0.49,0.49,12.7,rain,148,27.6,77,88
ambient weather,2025-05-29,2025-05-29,Bago (West),Thayarwady,Okpho,18.0429,95.6927,Asia/Rangoon,"Periods of rain, some heavy",0.99,0.74,0.74,9.2,rain,165,26.5,77,87
ambient weather,2025-05-30,2025-05-29,Bago (West),Thayarwady,Okpho,18.0429,95.6927,Asia/Rangoon,Periods of rain,0.93,0.48,0.48,10.4,rain,178,29.9,77,84
ambient weather,2025-05-31,2025-05-29,Bago (West),Thayarwady,Okpho,18.0429,95.6927,Asia/Rangoon,Periods of rain,0.95,0.53,0.53,10.4,rain,183,27.6,77,85
ambient weather,2025-06-01,2025-05-29,Bago (West),Thayarwady,Okpho,18.0429,95.6927,Asia/Rangoon,Rain and a thunderstorm,0.94,0.72,0.72,10.4,rain,175,25.3,76,86
ambient weather,2025-06-02,2025-05-29,Bago (West),Thayarwady,Okpho,18.0429,95.6927,Asia/Rangoon,Some rain and a thunderstorm,0.84,0.39,0.39,8.1,rain,201,24.2,77,83
ambient weather,2025-06-03,2025-05-29,Bago (West),Thayarwady,Okpho,18.0429,95.6927,Asia/Rangoon,Rain and drizzle in the p.m.,0.7,0.25,0.25,5.8,rain,164,18.4,77,87
ambient weather,2025-06-04,2025-05-29,Bago (West),Thayarwady,Okpho,18.0429,95.6927,Asia/Rangoon,A little afternoon rain,0.6,0.06,0.06,6.9,rain,201,17.3,79,91
ambient weather,2025-06-05,2025-05-29,Bago (West),Thayarwady,Okpho,18.0429,95.6927,Asia/Rangoon,Afternoon rain,0.75,0.56,0.56,5.8,rain,163,16.1,78,89
ambient weather,2025-06-06,2025-05-29,Bago (West),Thayarwady,Okpho,18.0429,95.6927,Asia/Rangoon,Cloudy with a touch of rain,0.63,0.42,0.42,3.5,rain,170,11.5,79,88
ambient weather,2025-05-28,2025-05-29,Bago (West),Pyay,Padaung,18.6831,95.0128,Asia/Rangoon,Rain; breezy this morning,1.0,0.65,0.65,13.8,rain,157,29.9,79,87
ambient weather,2025-05-29,2025-05-29,Bago (West),Pyay,Padaung,18.6831,95.0128,Asia/Rangoon,Some rain and a thunderstorm,0.84,0.19,0.19,10.4,rain,172,29.9,80,91
ambient weather,2025-05-30,2025-05-29,Bago (West),Pyay,Padaung,18.6831,95.0128,Asia/Rangoon,A little afternoon rain,0.69,0.16,0.16,10.4,rain,169,27.6,79,90
ambient weather,2025-05-31,2025-05-29,Bago (West),Pyay,Padaung,18.6831,95.0128,Asia/Rangoon,Some rain and a thunderstorm,0.96,0.79,0.79,9.2,rain,164,25.3,79,86
ambient weather,2025-06-01,2025-05-29,Bago (West),Pyay,Padaung,18.6831,95.0128,Asia/Rangoon,Periods of rain and a t-storm,0.94,0.4,0.4,6.9,rain,171,20.7,79,87
ambient weather,2025-06-02,2025-05-29,Bago (West),Pyay,Padaung,18.6831,95.0128,Asia/Rangoon,Periods of rain and a t-storm,0.94,0.44,0.44,5.8,rain,208,18.4,78,86
ambient weather,2025-06-03,2025-05-29,Bago (West),Pyay,Padaung,18.6831,95.0128,Asia/Rangoon,A couple of morning t-storms,0.65,0.09,0.09,5.8,thunderstorm,132,16.1,79,91
ambient weather,2025-06-04,2025-05-29,Bago (West),Pyay,Padaung,18.6831,95.0128,Asia/Rangoon,A stray afternoon t-storm,0.42,0.08,0.08,3.5,part-sun,195,11.5,78,92
ambient weather,2025-06-05,2025-05-29,Bago (West),Pyay,Padaung,18.6831,95.0128,Asia/Rangoon,Some rain and a thunderstorm,0.56,0.27,0.27,5.8,rain,164,17.3,79,89
ambient weather,2025-06-06,2025-05-29,Bago (West),Pyay,Padaung,18.6831,95.0128,Asia/Rangoon,Cloudy with occasional rain,0.63,0.4,0.4,3.5,rain,188,10.4,78,88
ambient weather,2025-05-28,2025-05-29,Bago (West),Pyay,Paukkhaung,18.904,95.5489,Asia/Rangoon,Rain; breezy this morning,1.0,0.61,0.61,12.7,rain,153,25.3,80,90
ambient weather,2025-05-29,2025-05-29,Bago (West),Pyay,Paukkhaung,18.904,95.5489,Asia/Rangoon,Periods of rain,0.97,0.58,0.58,11.5,rain,166,29.9,79,89
ambient weather,2025-05-30,2025-05-29,Bago (West),Pyay,Paukkhaung,18.904,95.5489,Asia/Rangoon,Rain in the afternoon,0.88,0.53,0.53,11.5,rain,165,34.5,79,88
ambient weather,2025-05-31,2025-05-29,Bago (West),Pyay,Paukkhaung,18.904,95.5489,Asia/Rangoon,Periods of rain,0.94,0.56,0.56,10.4,rain,165,28.8,79,86
ambient weather,2025-06-01,2025-05-29,Bago (West),Pyay,Paukkhaung,18.904,95.5489,Asia/Rangoon,Periods of rain,0.91,0.28,0.28,8.1,rain,167,25.3,79,87
ambient weather,2025-06-02,2025-05-29,Bago (West),Pyay,Paukkhaung,18.904,95.5489,Asia/Rangoon,An afternoon t-storm or two,0.87,0.46,0.46,5.8,thunderstorm,183,18.4,77,86
ambient weather,2025-06-03,2025-05-29,Bago (West),Pyay,Paukkhaung,18.904,95.5489,Asia/Rangoon,A.M. rain; some brightening,0.75,0.38,0.38,6.9,sprinkles,163,21.9,77,91
ambient weather,2025-06-04,2025-05-29,Bago (West),Pyay,Paukkhaung,18.904,95.5489,Asia/Rangoon,An afternoon shower or two,0.65,0.14,0.14,6.9,rain,183,17.3,80,93
ambient weather,2025-06-05,2025-05-29,Bago (West),Pyay,Paukkhaung,18.904,95.5489,Asia/Rangoon,Occasional afternoon rain,0.55,0.06,0.06,6.9,rain,179,17.3,79,94
ambient weather,2025-06-06,2025-05-29,Bago (West),Pyay,Paukkhaung,18.904,95.5489,Asia/Rangoon,"Rather cloudy, a little rain",0.61,0.32,0.32,5.8,rain,170,15.0,80,91
ambient weather,2025-05-28,2025-05-29,Bago (West),Pyay,Paungde,18.4892,95.5058,Asia/Rangoon,Breezy with rain,1.0,0.73,0.73,15.0,rain,159,32.2,77,89
ambient weather,2025-05-29,2025-05-29,Bago (West),Pyay,Paungde,18.4892,95.5058,Asia/Rangoon,"Cloudy, rain; breezy",0.91,0.27,0.27,13.8,rain,180,38.0,77,88
ambient weather,2025-05-30,2025-05-29,Bago (West),Pyay,Paungde,18.4892,95.5058,Asia/Rangoon,"A morning t-storm, then rain",0.89,0.31,0.31,13.8,thunderstorm,177,36.8,78,87
ambient weather,2025-05-31,2025-05-29,Bago (West),Pyay,Paungde,18.4892,95.5058,Asia/Rangoon,Rain; breezy in the afternoon,0.91,0.28,0.28,13.8,rain,171,32.2,77,86
ambient weather,2025-06-01,2025-05-29,Bago (West),Pyay,Paungde,18.4892,95.5058,Asia/Rangoon,Some rain and a thunderstorm,0.84,0.18,0.18,12.7,rain,177,31.1,77,86
ambient weather,2025-06-02,2025-05-29,Bago (West),Pyay,Paungde,18.4892,95.5058,Asia/Rangoon,Occasional rain and a t-storm,0.84,0.18,0.18,8.1,rain,194,27.6,77,84
ambient weather,2025-06-03,2025-05-29,Bago (West),Pyay,Paungde,18.4892,95.5058,Asia/Rangoon,"A.M. rain; otherwise, cloudy",0.82,0.34,0.34,5.8,rain,152,17.3,77,88
ambient weather,2025-06-04,2025-05-29,Bago (West),Pyay,Paungde,18.4892,95.5058,Asia/Rangoon,An afternoon shower or two,0.65,0.08,0.08,5.8,rain,173,18.4,79,93
ambient weather,2025-06-05,2025-05-29,Bago (West),Pyay,Paungde,18.4892,95.5058,Asia/Rangoon,A little afternoon rain,0.65,0.3,0.3,6.9,rain,170,18.4,78,90
ambient weather,2025-06-06,2025-05-29,Bago (West),Pyay,Paungde,18.4892,95.5058,Asia/Rangoon,Cloudy with a little rain,0.65,0.21,0.21,4.6,rain,168,15.0,79,89
ambient weather,2025-05-28,2025-05-29,Bago (West),Pyay,Pyay,18.8499,95.3855,Asia/Rangoon,Rain; breezy this morning,1.0,0.61,0.61,12.7,rain,153,25.3,80,90
ambient weather,2025-05-29,2025-05-29,Bago (West),Pyay,Pyay,18.8499,95.3855,Asia/Rangoon,Periods of rain,0.97,0.58,0.58,11.5,rain,166,29.9,79,89
ambient weather,2025-05-30,2025-05-29,Bago (West),Pyay,Pyay,18.8499,95.3855,Asia/Rangoon,Rain in the afternoon,0.88,0.53,0.53,11.5,rain,165,34.5,79,88
ambient weather,2025-05-31,2025-05-29,Bago (West),Pyay,Pyay,18.8499,95.3855,Asia/Rangoon,Periods of rain,0.94,0.56,0.56,10.4,rain,165,28.8,79,86
ambient weather,2025-06-01,2025-05-29,Bago (West),Pyay,Pyay,18.8499,95.3855,Asia/Rangoon,Periods of rain,0.91,0.28,0.28,8.1,rain,167,25.3,79,87
ambient weather,2025-06-02,2025-05-29,Bago (West),Pyay,Pyay,18.8499,95.3855,Asia/Rangoon,An afternoon t-storm or two,0.87,0.46,0.46,5.8,thunderstorm,183,18.4,77,86
ambient weather,2025-06-03,2025-05-29,Bago (West),Pyay,Pyay,18.8499,95.3855,Asia/Rangoon,A.M. rain; some brightening,0.75,0.38,0.38,6.9,sprinkles,163,21.9,77,91
ambient weather,2025-06-04,2025-05-29,Bago (West),Pyay,Pyay,18.8499,95.3855,Asia/Rangoon,An afternoon shower or two,0.65,0.14,0.14,6.9,rain,183,17.3,80,93
ambient weather,2025-06-05,2025-05-29,Bago (West),Pyay,Pyay,18.8499,95.3855,Asia/Rangoon,Occasional afternoon rain,0.55,0.06,0.06,6.9,rain,179,17.3,79,94
ambient weather,2025-06-06,2025-05-29,Bago (West),Pyay,Pyay,18.8499,95.3855,Asia/Rangoon,"Rather cloudy, a little rain",0.61,0.32,0.32,5.8,rain,170,15.0,80,91
